id,domain,status,purchase_price,renewal_price,attractiveness,demand,length,registrar,created_at,expires_at,status_verified_at
33e3a12f-534a-448f-a6af-ca81fdcff8ff,alphabetical.onl,available,5.49,23.49,high,low,12,namesilo,,,30/09/2026 14:07
965d95ce-f2c4-49a2-9c7c-c3cf65963656,ost.onl,available,5.49,23.49,high,low,3,namesilo,,,29/09/2026 03:13
0868134c-2eaa-450b-8ba4-4b54eecdb83d,duties.onl,available,18.2,18.2,medium,low,6,cloudflare,,,27/09/2026 22:05
542f1ef6-6626-45a2-a5c8-7a52313a49dd,slain.onl,available,3.48,28.98,medium,low,5,namecheap,,,10/09/2026 09:53
d35ceedd-7b12-41e4-a2bf-679df013a2c2,anthyllis.onl,available,5.49,23.49,medium,low,9,namesilo,,,19/09/2026 14:04
358e2ed3-d3bb-460d-8aae-1fe8a201ada6,castellano.onl,available,5.49,23.49,medium,low,10,namesilo,,,01/10/2026 02:19
b71d4d51-c024-45fa-b8bf-821430657b3a,brookhaven.onl,available,3.48,28.98,high,low,10,namecheap,,,29/09/2026 15:45
56115355-5c2b-4a4a-8329-f998d57c05a7,turbid.onl,available,3.48,28.98,medium,low,6,namecheap,,,25/08/2026 01:10
f2c99fb9-84bb-4c08-8821-47a36a5c8336,acanthus.onl,available,3.48,28.98,medium,low,8,namecheap,,,16/09/2026 21:02
d27f646f-5765-4b88-a75c-a76b870aea7e,weldon.onl,available,2.99,19.48,medium,low,6,dynadot,,,28/09/2026 16:37
3594ab59-99e0-4546-8a40-bf1ffdb4cf18,playhouse.onl,available,18.2,18.2,high,low,9,cloudflare,,,29/09/2026 02:35
dfb2d145-4f3f-49ec-9169-10ecb186be2f,gasoline.onl,available,5.49,23.49,high,low,8,namesilo,,,27/09/2026 13:38
59697602-eec0-4cfb-9038-be1c83119806,removed.onl,available,5.49,23.49,high,low,7,namesilo,,,26/09/2026 00:50
0b8f8009-7e19-4a06-9627-25a154891104,robert.onl,premium,62.5,125,high,low,6,name.com,,,25/09/2026 07:17
1a20e555-5c0a-4bd7-99f3-0a0da5c545d2,downes.onl,available,5.49,23.49,medium,low,6,namesilo,,,30/09/2026 05:25
130cf7ca-52fb-45b1-bc48-a81299b1a7cd,waddington.onl,available,5.49,23.49,medium,low,10,namesilo,,,01/10/2026 11:02
340bbfa3-6e3e-44fd-8ed7-409aa1dd8ae7,foreboding.onl,available,3.48,28.98,medium,low,10,namecheap,,,18/08/2026 11:32
3282471d-bacf-4e4f-949d-12cd8ecad29f,differed.onl,available,5.49,23.49,medium,low,8,namesilo,,,20/09/2026 05:03
434979aa-ad68-49b9-ab4e-05950fba08b7,justly.onl,available,3.48,28.98,medium,low,6,namecheap,,,15/09/2026 10:18
31f73f11-2cd2-44e3-8dcd-c01ce8a1ff8a,textures.onl,available,3.48,28.98,medium,low,8,namecheap,,,20/09/2026 19:34
e20bc3ce-c2dd-40f5-9130-d9c654075bca,dispersed.onl,available,3.48,28.98,medium,low,9,namecheap,,,14/08/2026 11:56
12287a30-c562-4dc5-8d5d-06d4bed0216e,auxin.onl,available,5.49,23.49,medium,low,5,namesilo,,,21/09/2026 08:33
0d590d1a-0f4d-49a9-99a5-de956a5f3463,canberra.onl,available,5.49,23.49,high,low,8,namesilo,,,21/09/2026 04:47
2f7bee12-8852-4a5d-844d-02415a8216a8,hysteria.onl,available,3.48,28.98,high,low,8,namecheap,,,24/09/2026 21:43
95acbcbe-80a3-4c9e-a707-53e8bb6fe82e,educational.onl,available,5.49,23.49,high,low,11,namesilo,,,01/10/2026 05:09
6a3d07d5-6ef8-4bb1-848c-856fb1cfc966,orphanage.onl,available,18.2,18.2,medium,low,9,cloudflare,,,28/09/2026 10:38
e0958ae6-a27b-4795-973b-d47118de2a08,emmy.onl,available,5.49,23.49,high,low,4,namesilo,,,29/09/2026 06:46
e3025562-a64b-444e-9ce8-5986cd6d2663,unabridged.onl,available,3.48,28.98,high,low,10,namecheap,,,11/09/2026 23:28
f5b435d7-17a5-4366-9c9a-dc15c57b947a,method.onl,resell,,,high,low,6,,,,27/09/2026 14:54
2e02481b-6fe6-4df7-8548-c722d3d62dc5,unlikable.onl,available,3.48,28.98,medium,low,9,namecheap,,,12/09/2026 00:58
ca340da9-39a5-404e-8576-da6323d161b8,millennial.onl,available,3.48,28.98,high,low,10,namecheap,,,24/08/2026 23:16
cb81248d-aa23-4444-a54e-decbe94346c2,aquinas.onl,available,5.49,23.49,medium,low,7,namesilo,,,19/09/2026 23:16
cf94ad0c-d9da-4575-89b4-24fd2685a4f2,inane.onl,available,3.48,28.98,medium,low,5,namecheap,,,07/08/2026 02:43
0a1fd5ad-e5bb-47af-a457-6686ef0e43c2,bituminous.onl,available,3.48,28.98,high,low,10,namecheap,,,10/08/2026 08:53
3132f757-1716-4074-8be4-50916df9036b,tend.onl,available,18.2,18.2,high,low,4,cloudflare,,,29/09/2026 23:54
c271a6b2-7539-4a19-aa40-c621ccc945b1,lyons.onl,available,5.49,23.49,high,low,5,namesilo,,,25/09/2026 06:03
14b8a4e9-916c-44c8-8875-68f78c2020d8,appearance.onl,available,3.48,28.98,high,low,10,namecheap,,,08/09/2026 12:55
2a1187b4-c993-4900-adf1-4d58bc664860,campground.onl,available,5.49,23.49,high,low,10,namesilo,,,24/09/2026 11:56
9b3ba2a3-edbc-4814-98b5-06510c3ac127,sejm.onl,available,5.49,23.49,high,low,4,namesilo,,,30/09/2026 20:42
2dd7f3e3-0304-4ad8-adaf-bceba04a9d19,exhibit.onl,available,5.49,23.49,high,low,7,namesilo,,,27/09/2026 05:10
3fd14e2f-9f62-4105-b972-43410a277f74,adrift.onl,available,3.48,28.98,medium,low,6,namecheap,,,
3aad9b7e-0142-478b-b8f3-893ee4adc04d,sevier.onl,available,5.49,23.49,high,low,6,namesilo,,,30/09/2026 05:37
fe9a2b8f-2462-4784-b765-a74d657bdfbf,fabricated.onl,available,3.48,28.98,high,low,10,namecheap,,,17/08/2026 20:15
a6c31a27-9c81-494a-a44c-a1074d45a6c8,skyscraper.onl,available,5.49,23.49,high,low,10,namesilo,,,30/09/2026 11:02
afc88102-a112-444d-a6a7-64c83b8f6f43,cristobal.onl,available,18.2,18.2,medium,low,9,cloudflare,,,30/09/2026 20:55
93bc6382-7c34-4e41-a618-28ee8728077d,sacking.onl,available,3.48,28.98,medium,low,7,namecheap,,,21/09/2026 18:04
e0162027-9d72-48f2-b32b-146170e40924,queenlike.onl,available,3.48,28.98,medium,low,9,namecheap,,,09/09/2026 07:54
6d98807a-99b7-422a-b6ec-f194dd2bf5d5,suffering.onl,available,3.48,28.98,high,low,9,namecheap,,,25/08/2026 01:27
cfe017f6-f72b-4d7f-9efd-2570df23e1c1,lutetium.onl,available,3.48,28.98,medium,low,8,namecheap,,,20/09/2026 23:39
bd089b72-b964-4612-ac31-d1f0517a6843,landslide.onl,available,5.49,23.49,high,low,9,namesilo,,,30/09/2026 02:07
4fd20f10-6ee2-4eb7-8661-0db8a547a6dc,endermatic.onl,available,3.48,28.98,medium,low,10,namecheap,,,17/08/2026 00:58
244dde61-8e94-49de-bc83-de6f93b74b40,provided.onl,available,3.48,28.98,medium,low,8,namecheap,,,16/09/2026 09:17
495e3c34-c904-42bd-b10b-4e1983fb93a6,voyage.onl,premium,162.5,325,high,low,6,namecheap,,,28/09/2026 02:51
38cfa6c7-3e02-4b0c-a900-bd310d72b398,responding.onl,available,5.49,23.49,high,low,10,namesilo,,,28/09/2026 07:25
11759dc4-6d8b-4218-8209-882fd6a8c05a,defense.onl,available,5.49,23.49,high,low,7,namesilo,,,29/09/2026 13:31
0422837e-0df1-492d-8414-136e0f2073c5,almandine.onl,available,5.49,23.49,medium,low,9,namesilo,,,18/09/2026 12:29
61cb4d1c-c100-42af-8dc4-c24fbba00f54,gorge.onl,available,5.49,23.49,medium,low,5,namesilo,,,23/09/2026 17:20
87fcc4fe-59b9-444e-952b-a51b996c5fb2,groundless.onl,available,3.48,28.98,medium,low,10,namecheap,,,08/08/2026 21:49
7ede2687-ffeb-4ba0-8b67-162a00a487d6,knocker.onl,available,5.49,23.49,medium,low,7,namesilo,,,24/09/2026 22:02
77bcdf18-e736-49d6-9ee9-3488149f5a16,early.onl,available,5.49,23.49,high,low,5,namesilo,,,24/09/2026 12:57
849f1103-49a2-4ad6-8913-ea6bb29d7999,alimony.onl,available,2.99,19.48,medium,low,7,dynadot,,,28/09/2026 20:27
4f9b38be-259c-4e35-a0c1-a264f92c1385,generous.onl,available,3.48,28.98,high,low,8,namecheap,,,18/08/2026 21:29
7a0fd1e7-1815-4560-81c2-6534ca4f042a,jejune.onl,available,3.48,28.98,medium,low,6,namecheap,,,22/08/2026 12:45
d451905c-23a9-42dc-ab70-96a51784097e,ole.onl,premium,53.92,116,high,low,3,namesilo,,,01/10/2026 21:54
075d111c-0e9f-4ae1-a1ed-0102596bb094,gripe.onl,available,4.99,35.99,medium,low,5,name.com,,,23/09/2026 00:19
3edcb183-99d9-4280-a295-4ea44add073e,drilled.onl,available,3.48,28.98,medium,low,7,namecheap,,,14/08/2026 19:21
72a32d0e-b4da-487c-bf6d-6e88070ea56e,harriet.onl,available,3.09,10.76,high,low,7,porkbun,,,27/09/2026 22:29
85147932-8958-46c8-90d3-84c60292a959,appreciated.onl,available,5.49,23.49,high,low,11,namesilo,,,28/09/2026 07:22
fe22b088-a3f5-4ad9-a38c-c1cff158a3f2,denominations.onl,available,5.49,23.49,low,low,13,namesilo,,,21/09/2026 00:01
c80d16b9-ba74-41fc-b217-af9a0b830f94,wakeful.onl,available,3.48,28.98,high,low,7,namecheap,,,04/09/2026 16:03
89e641bc-7fcb-45fb-9556-0060a42f838e,gloomy.onl,available,3.48,28.98,medium,low,6,namecheap,,,14/08/2026 11:40
9cada444-7c06-4c7a-ab49-bee00edc32f9,rhetoric.onl,available,5.49,23.49,high,low,8,namesilo,,,02/10/2026 04:43
bb9339ea-c49f-44d1-9139-7a7047d6cd85,ankle.onl,available,5.49,23.49,high,low,5,namesilo,,,19/09/2026 09:40
0245b7e2-9a29-40bb-a0ff-ce59e0e3c67a,bassoon.onl,available,4.99,35.99,medium,low,7,name.com,,,22/09/2026 12:33
5969f658-cce5-4641-bc6c-5445f773dfc3,colonists.onl,available,18.2,18.2,medium,low,9,cloudflare,,,01/10/2026 16:49
ce23afeb-2de1-41dd-a3f9-9f710445e828,anointing.onl,available,5.49,23.49,medium,low,9,namesilo,,,19/09/2026 11:19
4490ff99-a64e-4b49-b171-7b8902063574,goosefish.onl,available,5.49,23.49,medium,low,9,namesilo,,,18/09/2026 11:40
d404d082-8576-4c2a-b492-1c2ff409a1db,mournfully.onl,available,3.48,28.98,medium,low,10,namecheap,,,15/09/2026 15:33
08d1783e-df49-4437-8fdf-0930d46f6995,grandchildren.onl,available,3.79,23.49,medium,low,13,namesilo,,,
e48feac8-f271-4244-b145-b9c71809b2e6,berth.onl,available,3.48,28.98,high,low,5,namecheap,,,23/09/2026 10:13
159ba926-55a7-4e4e-afd7-90799cc21723,cute.onl,premium,53.92,116,high,low,4,namesilo,,,24/09/2026 03:46
19f3fa69-1528-4dba-be85-24aeeae9f83f,parental.onl,available,3.48,28.98,high,low,8,namecheap,,,08/09/2026 01:14
a489d34a-c65d-4a6b-a4ad-95b2d50c558b,binful.onl,available,5.49,23.49,medium,low,6,namesilo,,,23/09/2026 17:14
731e2b30-c892-4995-ac9b-e90327f88c96,nwa.onl,available,18.2,18.2,high,low,3,cloudflare,,,30/09/2026 04:42
1dfae713-72d5-449b-be80-d9c951bd77c6,cinema.onl,premium,53.92,116,high,low,6,namesilo,,,01/10/2026 03:10
6692371d-222a-4d1a-bfb0-f5ea9cfe62d5,enthusiasm.onl,available,18.2,18.2,high,low,10,cloudflare,,,29/09/2026 17:36
f1e0ceb7-e495-45b8-9e29-28c6675889c6,bows.onl,available,5.49,23.49,medium,low,4,namesilo,,,30/09/2026 06:27
3fc71de7-8493-4ab8-badf-5642e39ba4a0,yummy.onl,available,3.48,28.98,high,low,5,namecheap,,,14/08/2026 00:26
7dc76274-8f69-496c-b810-0f442fd22bc7,kathleen.onl,available,5.49,23.49,high,low,8,namesilo,,,25/09/2026 14:34
d8f2944f-7279-47e3-87d9-4056f8913279,antic.onl,available,3.48,28.98,high,low,5,namecheap,,,
44227c79-e187-42ce-9899-2afaac0cd0d7,dishcloth.onl,available,5.49,23.49,high,low,9,namesilo,,,24/09/2026 22:40
fe2945ae-62f2-4a9e-8f68-bc32a40395dc,predefined.onl,available,5.49,23.49,medium,low,10,namesilo,,,01/10/2026 16:01
d0459697-974d-4ee5-880f-2ec16c39776b,nang.onl,available,18.2,18.2,high,low,4,cloudflare,,,30/09/2026 19:24
e1a3319c-a1bf-4277-aaae-b4e286dfb8ee,williamsburg.onl,available,5.49,23.49,medium,low,12,namesilo,,,27/09/2026 01:57
2303a40b-ab51-48fa-9a2a-cd39f61dd57f,arbiter.onl,available,3.48,28.98,high,low,7,namecheap,,,20/09/2026 00:41
9d9109ed-27ab-4e71-9c69-ace6cd58dbbd,film.onl,premium,160,302.5,high,low,4,namesilo,,,30/09/2026 13:27
05e45624-6d7c-456b-be6c-8294876c2348,rhomboid.onl,available,3.48,28.98,medium,low,8,namecheap,,,09/09/2026 16:47
8328c71b-a66c-4f35-8b4e-5252f554cc47,demode.onl,available,3.48,28.98,medium,low,6,namecheap,,,14/08/2026 01:13
c342c9a1-b736-4b53-ad87-03cf936abbcf,alqaeda.onl,available,5.49,23.49,medium,low,8,namesilo,,,18/09/2026 00:59
4da74919-08c9-4786-90d5-34ccb3ce0b31,offenbach.onl,available,3.48,28.98,high,low,9,namecheap,,,02/10/2026 05:26
b2ba0f4a-85d7-4730-a128-cdc95cbbd53a,exposing.onl,available,18.2,18.2,medium,low,8,cloudflare,,,29/09/2026 10:25
75705b47-5eae-4b98-8e90-61d0bd8f58d0,moldable.onl,available,3.48,28.98,medium,low,8,namecheap,,,25/08/2026 03:42
fc0bacc4-7c49-42dd-8aac-0a9bcc7ceda0,stupidly.onl,available,3.48,28.98,medium,low,8,namecheap,,,14/09/2026 13:43
69467c4e-89fd-4dbd-b729-0bbdfbc17db1,onomastic.onl,available,3.48,28.98,medium,low,9,namecheap,,,04/09/2026 15:15
b38a9435-d317-4fef-8e77-822295f2dbe5,coworker.onl,available,5.49,23.49,high,low,9,namesilo,,,24/09/2026 16:09
df3ee891-384b-49bf-9c9e-30bad01ff4fd,puncture.onl,available,18.2,18.2,high,low,8,cloudflare,,,29/09/2026 20:04
8352c50e-6d84-4166-b54b-9df4a28d1282,efficiently.onl,available,18.2,18.2,medium,low,11,cloudflare,,,30/09/2026 12:23
78de8efd-1351-4dc8-9fb6-0906af4a594d,externally.onl,available,3.48,28.98,medium,low,10,namecheap,,,14/09/2026 17:11
1222197f-e826-42b3-9490-6ad003a0be80,astrocyte.onl,available,5.49,23.49,medium,low,9,namesilo,,,20/09/2026 17:36
f6e96fdb-7a0d-4d8d-993b-3c1734b92500,llb.onl,available,5.49,23.49,high,low,3,namesilo,,,21/09/2026 14:13
7c1c561e-07d9-4876-84d6-907e1befa82d,poulet.onl,available,3.48,28.98,medium,low,6,namecheap,,,12/08/2026 04:55
8b11e497-5f1f-49af-942d-8c1d76b12722,uniform.onl,available,5.49,23.49,high,low,7,namesilo,,,19/09/2026 05:41
a020b2ce-d6fe-44d9-be5a-b23cc7f0bbf1,smasher.onl,available,3.48,28.98,high,low,7,namecheap,,,22/08/2026 16:38
117f1116-fcb2-4d99-95ea-db93f3af845e,october.onl,available,5.49,23.49,high,low,7,namesilo,,,28/09/2026 02:51
b46dd8b6-75f7-4a02-8dea-205384097664,halves.onl,available,18.2,18.2,medium,low,6,cloudflare,,,30/09/2026 05:54
dee64b26-feb8-4716-9972-19c053b9acdc,barye.onl,available,5.49,23.49,medium,low,5,namesilo,,,22/09/2026 03:48
45ca49d7-4e82-4865-8c87-1b45fdcdfa9d,finishes.onl,available,18.2,18.2,medium,low,8,cloudflare,,,28/09/2026 18:11
93222993-7ee6-47a3-87a2-1edbf8929454,youths.onl,available,4.99,35.99,medium,low,6,godaddy,,,01/10/2026 00:09
8427bd19-8b5b-4c3a-91a9-8eb092759f9e,profitable.onl,available,5.49,23.49,high,low,10,namesilo,,,27/09/2026 07:05
acd6723a-c8d4-44a4-9618-34173956254d,beshrew.onl,available,4.99,35.99,medium,low,7,name.com,,,13/08/2026 16:19
5b069ae2-b1b8-48b1-8240-2639aa6e6876,trophies.onl,available,3.48,28.98,medium,low,8,namecheap,,,29/09/2026 17:40
14ea4cfe-212d-4b8b-8077-3dd04d77d6a8,apnoeic.onl,available,3.48,28.98,medium,low,7,namecheap,,,06/08/2026 00:46
7b9a9dcc-19ef-4bdd-b096-9489ba153596,shelters.onl,available,5.49,23.49,medium,low,8,namesilo,,,20/09/2026 23:17
cec36a66-c8a1-4131-86ad-358357b32677,cello.onl,available,5.49,23.49,high,low,5,namesilo,,,30/09/2026 01:01
ce9fa756-a6c8-4290-b4fb-69338881f1d4,neely.onl,available,3.09,10.76,medium,low,5,porkbun,,,30/09/2026 13:55
e19639a6-6374-4aa9-a59c-139698db2959,dotcom.onl,available,3.48,28.98,high,low,7,namecheap,,,14/08/2026 16:26
5a8ec412-4de7-41c7-892f-f16582a7d93f,flood.onl,available,3.48,28.98,high,low,5,namecheap,,,29/09/2026 13:53
47de1d25-809d-4f61-8a87-bc620cb9aaca,schenectady.onl,available,5.49,23.49,medium,low,11,namesilo,,,28/09/2026 12:25
8aa457aa-3d36-45d5-a722-5d598d0c5247,securely.onl,available,3.48,28.98,high,low,8,namecheap,,,16/09/2026 00:50
f4704922-3d1a-4e75-8805-4bdb25ec1880,bespoke.onl,resell,,,high,low,7,Dynadot Inc,26/02/2026 15:09,26/02/2027 15:09,26/09/2026 04:22
bfaf3b29-5ae0-458c-97bc-c53c4cc17ee8,sacks.onl,available,3.48,28.98,medium,low,5,namecheap,,,20/09/2026 18:55
91e1493f-3ab5-4156-8e4c-c88819b7e7a0,lotto.onl,premium,162.5,325,high,low,5,namecheap,,,22/09/2026 20:35
abc7a45d-7129-4de9-b805-b5cb6f83e434,skyward.onl,available,3.48,28.98,high,low,7,namecheap,,,21/08/2026 05:26
951826a6-0068-4df2-b974-879297b2a159,shipowner.onl,available,3.09,10.76,high,low,9,porkbun,,,01/10/2026 21:39
6eb0e5cf-a4bc-4a0a-b100-f49b70c06fe2,auld.onl,available,3.48,28.98,medium,low,4,namecheap,,,07/08/2026 17:21
ac678c3f-736c-4144-88e4-87c4b01d967e,cheetah.onl,available,5.49,23.49,high,low,7,namesilo,,,17/09/2026 01:33
6874d3ec-7e5b-462b-87eb-af1ed1212db8,educative.onl,available,3.48,28.98,high,low,9,namecheap,,,15/08/2026 11:09
47ddd702-46e1-4b9f-a4d3-bc1b8a12164d,whooping.onl,available,2.99,19.48,high,low,8,dynadot,,,01/10/2026 22:49
d89e77c8-7731-474d-ab3f-82adfdc7177b,rethink.onl,resell,,,high,low,7,Dynadot Inc,15/03/2023 19:19,15/03/2027 19:19,26/09/2026 08:38
2e7976bf-ed5a-4066-951a-e264705bd859,arabesque.onl,available,5.49,23.49,high,low,9,namesilo,,,19/09/2026 23:28
cdb9d0b1-03a9-40dc-9103-54acd2332424,affix.onl,available,5.49,23.49,high,low,5,namesilo,,,17/09/2026 14:37
f2cc375b-7972-4fbe-a218-97fbf5abef75,smartest.onl,available,3.48,28.98,high,low,8,namecheap,,,20/09/2026 22:26
d50bcbc9-1994-4f41-bece-2913cee6aa18,grapy.onl,available,3.48,28.98,medium,low,5,namecheap,,,20/08/2026 18:07
ee89108b-bcfb-4999-8b82-a9dc0d46ea9f,jorge.onl,available,5.49,23.49,high,low,5,namesilo,,,25/09/2026 13:21
a3d7138c-5614-4914-97e9-3962cd489d8e,chemistry.onl,available,3.09,10.76,high,low,9,porkbun,,,01/10/2026 20:13
fc3976db-b969-4355-877e-5e9fb75d3948,argive.onl,available,3.48,28.98,medium,low,6,namecheap,,,06/08/2026 18:27
4f8d18ec-47d3-4334-b77c-3677af20f4d3,naturalism.onl,available,3.48,28.98,high,low,10,namecheap,,,29/09/2026 13:32
f5629b51-cb43-4f53-94d6-d6034351f801,lxxxvi.onl,available,3.48,28.98,medium,low,6,namecheap,,,
f9bd9e43-5936-427d-9585-ab318b189247,hmm.onl,available,18.2,18.2,high,low,3,cloudflare,,,01/10/2026 04:54
a867fb4e-400f-47f5-8e2e-89c9138ed96e,ineffable.onl,available,3.48,28.98,high,low,9,namecheap,,,22/08/2026 02:45
0410d440-e54b-4e8c-a2d5-1dab4f8c0be9,submerged.onl,available,3.48,28.98,medium,low,9,namecheap,,,10/09/2026 23:30
38b9df34-f456-49ba-a35f-787258f7ddd5,november.onl,available,18.2,18.2,high,low,8,cloudflare,,,30/09/2026 05:53
fc6f0025-bd60-43e3-8776-8c7f4bcd8414,enormous.onl,available,3.48,28.98,high,low,8,namecheap,,,17/08/2026 09:42
ee29b8c4-b718-4b66-abbc-7ecd722ee3a1,tattletale.onl,available,3.48,28.98,medium,low,10,namecheap,,,11/09/2026 10:28
ac4df609-8870-4540-95be-108f1bf34933,scotch.onl,available,5.49,23.49,high,low,6,namesilo,,,24/09/2026 21:59
46374bce-69b0-44cc-bbcf-3eb111a8a86c,wolfish.onl,available,3.48,28.98,medium,low,7,namecheap,,,15/08/2026 07:01
ee085939-cbd1-422b-935f-dd333927b9c2,woman.onl,premium,53.92,116,high,low,5,namesilo,,,28/09/2026 18:54
52dbddc2-32a0-4a65-9414-3fc0d077f1e3,dying.onl,available,3.48,28.98,high,low,5,namecheap,,,24/09/2026 12:37
0b7eef48-933b-44c2-857c-841f7b0e5391,tinker.onl,available,2.99,19.48,high,low,6,dynadot,,,29/09/2026 18:20
be70220b-c025-4819-9742-a83b5632a289,engraving.onl,available,18.2,18.2,high,low,9,cloudflare,,,30/09/2026 09:33
0246dd90-5547-443d-97ac-fba697de589e,fleer.onl,available,3.48,28.98,low,low,5,namecheap,,,18/08/2026 17:47
4791add9-5080-4e71-a6d3-455d8a561a24,guns.onl,premium,65,130,high,low,4,namecheap,,,17/09/2026 07:29
f6806ef5-d2bb-4fa2-b1bd-605e20c05b47,practices.onl,available,3.48,28.98,medium,low,9,namecheap,,,16/09/2026 19:21
b7bff7eb-5146-4a91-91a9-6d14b629f83c,spontaneously.onl,available,18.2,18.2,medium,low,13,cloudflare,,,30/09/2026 11:58
ad8221d0-606a-47dc-8301-771c3be68d4d,yorker.onl,available,5.49,23.49,high,low,6,namesilo,,,29/09/2026 08:35
9ebb00ce-5a94-41fe-a0ba-316d0c8d1dbb,seals.onl,available,3.79,23.49,high,low,5,namesilo,,,
b618398f-2106-4f26-814c-de913f16b881,aluminium.onl,available,5.49,23.49,high,low,9,namesilo,,,18/09/2026 00:20
424f0d4e-4ed2-4f8b-9487-68786335465c,neptunium.onl,available,5.49,23.49,medium,low,9,namesilo,,,21/09/2026 00:09
d9031e9f-c5bd-4262-a9a9-2fd5baa0740c,waive.onl,available,3.48,28.98,high,low,5,namecheap,,,18/08/2026 11:49
7c64effe-2bb6-4290-9858-f04194419b4b,bravery.onl,available,18.2,18.2,high,low,7,cloudflare,,,29/09/2026 04:02
4beba94f-0f0e-425e-8e2b-320ab8f28966,positioning.onl,available,5.49,23.49,high,low,11,namesilo,,,29/09/2026 14:53
2b706b83-b8e6-428a-a11b-32df5fcd41c5,landes.onl,available,2.99,19.48,medium,low,6,dynadot,,,01/10/2026 09:42
6273631d-26e6-48c3-853b-6ef613025b94,starkly.onl,available,3.48,28.98,medium,low,7,namecheap,,,16/09/2026 06:57
8e2e51ea-efda-4830-b522-5662c400bacb,juanita.onl,available,5.49,23.49,medium,low,7,namesilo,,,30/09/2026 04:54
4ca1803c-f864-498d-b973-d7aa07ad4548,resinated.onl,available,3.48,28.98,medium,low,9,namecheap,,,09/09/2026 15:09
b2dae14b-332e-4081-a02e-8bf3cceb320f,northampton.onl,available,5.49,23.49,medium,low,11,namesilo,,,25/09/2026 14:57
a99c13e7-0bcd-400f-8415-e034f051f858,rodent.onl,available,18.2,18.2,medium,low,6,cloudflare,,,29/09/2026 19:04
e4a3be9e-484a-4c38-bfd7-12145d805c7d,acquainted.onl,available,5.49,23.49,high,low,10,namesilo,,,28/09/2026 07:02
18be8cd3-1644-4353-bb1b-4a15c71ba283,bait.onl,available,5.49,23.49,high,low,4,namesilo,,,21/09/2026 19:42
04d4394d-e3d7-41fd-aa15-a5257c736b22,bristol.onl,premium,53.92,116,high,low,7,namesilo,,,24/09/2026 10:36
da0cbfd5-0cdb-4ca1-90eb-2ff1dc051543,hypertension.onl,available,5.49,23.49,medium,low,12,namesilo,,,30/09/2026 06:11
ec855068-02ad-4066-a814-9100498088fe,hobart.onl,available,5.49,23.49,high,low,6,namesilo,,,25/09/2026 07:24
823d2069-a8aa-49aa-94dd-8ebbecc1448a,broke.onl,available,5.49,23.49,high,low,5,namesilo,,,23/09/2026 09:49
1a4cb5d0-fff0-4500-9028-cb1c9485f9b1,edacious.onl,available,3.48,28.98,medium,low,8,namecheap,,,15/08/2026 05:24
de3518d2-1ce0-484b-9e34-7dc77e3c7874,monatomic.onl,available,3.48,28.98,medium,low,9,namecheap,,,25/08/2026 04:12
c537dacd-831d-42c8-b3b6-1a3f18ed7005,repeating.onl,available,5.49,23.49,high,low,9,namesilo,,,28/09/2026 06:41
7bf58722-dd58-46de-aa26-afdd03464f34,irate.onl,available,3.48,28.98,medium,low,5,namecheap,,,22/08/2026 09:44
3d0915d4-7410-403e-8d6a-ebebc52eaac9,advancement.onl,available,3.48,28.98,high,low,11,namecheap,,,29/09/2026 10:15
5bbf2998-bc42-48d5-9e20-d02c6249f6c2,alizarine.onl,available,5.49,23.49,medium,low,9,namesilo,,,18/09/2026 08:13
a66a5496-bf19-413b-8e7c-2963de43b3f0,bhutani.onl,available,3.48,28.98,medium,low,7,namecheap,,,09/08/2026 18:26
190e9f65-38ce-46fc-820b-d2d60b12f6b3,glistening.onl,available,3.48,28.98,high,low,10,namecheap,,,20/08/2026 14:30
6eb83a1d-e529-4532-ac1a-6b9438aa1b5d,coaxial.onl,available,3.48,28.98,medium,low,7,namecheap,,,12/08/2026 14:16
6f55dbe1-1194-4eb0-adfe-fdc4f9c1966b,mounted.onl,available,3.48,28.98,high,low,7,namecheap,,,25/08/2026 08:34
e660bc4c-9577-47e4-96f9-538e215b2bca,exigent.onl,available,3.48,28.98,medium,low,7,namecheap,,,13/08/2026 09:31
9eb0e44a-2ab5-4fd2-979d-c5f9b2b940a1,arran.onl,available,5.49,23.49,medium,low,5,namesilo,,,01/10/2026 23:18
c614ccf6-94db-4d35-8223-32cf673730e4,gullible.onl,available,3.48,28.98,medium,low,8,namecheap,,,18/08/2026 07:40
c1724ef9-00b3-4974-bf5d-0619ded4a321,catastrophe.onl,available,3.09,10.76,medium,low,11,porkbun,,,28/09/2026 22:54
536b1608-fe1f-45b7-b7a2-23f7cad95ba3,records.onl,premium,53.92,116,high,low,7,namesilo,,,
8d55410a-3b21-4777-8b36-7e7c3998bdac,friendships.onl,available,3.48,28.98,medium,low,11,namecheap,,,30/09/2026 15:36
a77cf2e4-e4ce-4c83-9745-f4aa33da4d07,thu.onl,available,2.99,19.48,medium,low,3,dynadot,,,30/09/2026 19:35
4caf5304-ece2-4af8-a4d2-a6ae829edb27,atv.onl,premium,,,high,low,3,,,,29/09/2026 21:49
392ac5ba-61d5-4d32-929d-9d37d7b53867,camel.onl,available,5.49,23.49,high,low,5,namesilo,,,28/09/2026 01:20
a79b9df9-ef89-4894-bcfb-88fceee1ad55,silvery.onl,available,3.48,28.98,high,low,7,namecheap,,,06/08/2026 17:56
7c4856e3-44c0-4442-9f26-91e29a367692,exterior.onl,available,3.48,28.98,high,low,8,namecheap,,,17/08/2026 19:05
f797769c-ca79-4be6-ab8d-e662721a86b2,geelong.onl,available,3.48,28.98,medium,low,7,namecheap,,,01/10/2026 07:49
2f5bc395-3e2e-43a6-b127-076d1cb1d951,vulvar.onl,available,3.48,28.98,medium,low,6,namecheap,,,13/09/2026 07:29
91a191dc-e852-40b7-a0a2-3f5e35654c79,dangerously.onl,available,5.49,23.49,medium,low,11,namesilo,,,29/09/2026 14:40
2a721eee-570f-46c8-bf19-8e584789aaca,nebraska.onl,available,5.49,23.49,high,low,8,namesilo,,,29/09/2026 11:38
d98629b0-df65-4874-adfe-fe8f2cb52b5b,imagining.onl,available,2.99,19.48,high,low,9,dynadot,,,29/09/2026 14:49
f53a1a90-deb7-48ec-b8ac-335f5c8f32fd,zaragoza.onl,available,3.48,28.98,medium,low,8,namecheap,,,29/09/2026 08:01
0267b98c-bfcb-48ae-a2c7-a00b37866262,affections.onl,available,5.49,23.49,medium,low,10,namesilo,,,17/09/2026 07:05
5d6e68fc-95c8-4f87-9e02-64322e4f399a,frontal.onl,available,3.48,28.98,high,low,7,namecheap,,,18/08/2026 16:15
fb21de45-18c4-4db8-9a0f-e670999bdcbc,whatnot.onl,available,4.99,,high,low,8,name.com,,,
5aba4502-ee09-446f-84ac-2391b5669d92,maunder.onl,available,5.49,23.49,medium,low,7,namesilo,,,23/09/2026 23:31
9dc726c5-f3d0-4151-adc3-33830807b4f2,unmarked.onl,available,3.48,28.98,high,low,8,namecheap,,,04/09/2026 21:06
0dbeeb1f-6317-43b8-9e70-f6e9cfa5e20d,salving.onl,available,3.48,28.98,medium,low,7,namecheap,,,14/08/2026 01:40
943fc6d7-09c6-4ce8-9d96-bc92427f976c,harvesting.onl,available,5.49,23.49,high,low,10,namesilo,,,01/10/2026 02:26
86c1b283-c6b2-483d-9cf8-a7825804e5e2,converges.onl,available,5.49,23.49,medium,low,9,namesilo,,,29/09/2026 11:40
84388222-026f-4ffa-94b0-ee5d4d0fdae0,musique.onl,available,5.49,23.49,high,low,7,namesilo,,,29/09/2026 10:25
304055d1-af71-4a8b-9bf3-14eb2c5c9533,autobahn.onl,available,5.49,23.49,high,low,8,namesilo,,,21/09/2026 05:50
e145d32e-e6ce-420c-85bc-7789435d311e,communist.onl,available,5.49,23.49,high,low,9,namesilo,,,23/09/2026 16:14
1ffe8865-5c5b-4404-9670-72a21931a792,compartment.onl,available,18.2,18.2,high,low,11,cloudflare,,,28/09/2026 03:28
1e500596-4a44-4964-bc6c-9d1a1fe3fe21,penial.onl,available,3.48,28.98,medium,low,6,namecheap,,,08/09/2026 14:23
9864c7c0-fa31-4fa0-bae3-8b25deb7942e,humankind.onl,available,3.48,28.98,high,low,9,namecheap,,,02/10/2026 05:22
cd055025-8fc6-4707-8d17-572ae5af8134,younger.onl,available,5.49,23.49,high,low,7,namesilo,,,25/09/2026 12:10
71571905-b419-4998-8412-560258c90dd6,lacy.onl,available,3.48,28.98,medium,low,4,namecheap,,,22/08/2026 17:47
bfa42655-d59e-42d6-8b61-960b9e45e107,inherently.onl,available,3.48,28.98,medium,low,10,namecheap,,,15/09/2026 08:20
95e0ed33-7f47-413e-b656-f8efcc20a4ce,answered.onl,available,5.49,23.49,high,low,8,namesilo,,,25/09/2026 16:54
206c7f40-667e-4c7d-b6a3-e936aa6e3e9f,nicolson.onl,available,5.49,23.49,medium,low,8,namesilo,,,01/10/2026 02:25
0d85142b-c32b-4429-b1be-3a5e19869731,bauhaus.onl,available,5.49,23.49,high,low,7,namesilo,,,22/09/2026 16:36
5d701ad8-1d54-46a5-99a9-a0a3a3ef01fe,laying.onl,available,3.48,28.98,high,low,6,namecheap,,,25/09/2026 22:34
687b76ca-0013-440a-a55d-d7dc9c120845,lick.onl,available,5.49,23.49,medium,low,4,namesilo,,,29/09/2026 02:30
1c17050b-ae29-4dfc-8d37-7e00c9a1c681,nsf.onl,available,5.49,23.49,high,low,3,namesilo,,,28/09/2026 10:31
81b1120e-3400-40f2-bf59-09fcc9ab8f68,terrorism.onl,available,5.49,23.49,medium,low,9,namesilo,,,17/09/2026 04:10
a4ecfca6-c099-41c2-b216-66178590d7a8,gabriel.onl,premium,,,high,medium,7,,,,28/09/2026 05:49
426aafd6-a8c1-4592-8d4e-646dcdb46e7c,wiesbaden.onl,available,5.49,23.49,medium,low,9,namesilo,,,29/09/2026 14:08
b5b58516-2791-4b08-96a8-3317f2f6a6a9,saintly.onl,available,3.48,28.98,high,low,7,namecheap,,,
c4099f95-e290-4b04-a7fb-79bcdc8058e0,favored.onl,available,3.48,28.98,high,low,7,namecheap,,,22/09/2026 20:01
b1efaab2-7aa3-4150-a430-5107af5a27f3,angered.onl,available,3.48,28.98,medium,low,7,namecheap,,,
d85dcdb3-530a-48f2-b68f-ba4fa242764b,yacht.onl,premium,,,high,low,5,,,,28/09/2026 02:59
130aacb2-0f95-4a3f-affe-47e7bd2c0f9b,keeps.onl,available,3.48,28.98,high,low,5,namecheap,,,25/09/2026 19:06
d6145f23-a76b-489e-b78f-ebcbb5d058e0,faker.onl,available,3.48,28.98,medium,low,5,namecheap,,,09/09/2026 05:01
a9c371a8-74f1-4850-89da-3a2e96a7861f,frowning.onl,available,3.48,28.98,medium,low,8,namecheap,,,18/08/2026 16:40
6f1e8a51-5ca5-421c-b5ab-310bf112297c,escobar.onl,available,5.49,23.49,high,low,7,namesilo,,,29/09/2026 22:26
6196e595-68db-4368-a5f1-56126756dfd8,rhodesian.onl,available,3.48,28.98,high,low,9,namecheap,,,09/09/2026 16:41
c3b5faa7-2e85-4517-aef2-d2adc973c090,mirthful.onl,available,3.48,28.98,high,low,8,namecheap,,,12/08/2026 19:00
63ca947c-e09a-4472-a17c-b91d79462624,rung.onl,available,3.09,10.76,medium,low,4,porkbun,,,01/10/2026 21:34
0a069e61-321c-44a4-87aa-24c73afe6792,atonal.onl,available,3.48,28.98,medium,low,6,namecheap,,,07/08/2026 13:46
25f4ddc0-7f21-4b32-ba39-2ade712a624f,sufi.onl,available,3.48,28.98,high,low,4,namecheap,,,11/09/2026 01:14
8eb05199-ea0e-4274-a627-2e2cd65e7eba,shifted.onl,available,5.49,23.49,medium,low,7,namesilo,,,29/09/2026 17:17
f97e6fe3-0ea6-4eaa-82c7-e68f11aa6c78,saipan.onl,available,5.49,23.49,medium,low,6,namesilo,,,29/09/2026 08:00
069d1a1c-6e4f-470e-87f3-e816bd29308f,uniting.onl,available,3.48,28.98,high,low,7,namecheap,,,18/09/2026 15:39
50534ec6-d2ee-448c-b4ef-bfe45a804bb1,preparing.onl,available,5.49,23.49,high,low,9,namesilo,,,27/09/2026 06:40
c3be4e0b-c7c9-4ab2-b541-17164a855fb7,sentencing.onl,available,18.2,18.2,high,low,10,cloudflare,,,29/09/2026 23:41
6123c9c0-ba41-472f-9ab8-406f06fdccf7,parents.onl,available,3.79,23.49,high,low,7,namesilo,,,
391f6bb5-cbe8-47eb-a093-1fe5b553a458,soaking.onl,available,3.48,28.98,medium,low,7,namecheap,,,14/09/2026 14:28
add9cdfd-589b-4b79-abca-35b9e29c973e,cages.onl,available,5.49,23.49,medium,low,5,namesilo,,,30/09/2026 07:45
57f690f5-f7bb-4745-b0f9-ec75a4ee4b70,wildfires.onl,available,5.49,23.49,medium,low,9,namesilo,,,30/09/2026 07:46
728fb1de-d766-4b1f-9794-fd0c411f2590,arse.onl,available,3.48,28.98,medium,low,4,namecheap,,,09/08/2026 10:35
fe0b4d80-64a6-4c1a-b5b2-e9ec28078386,trophic.onl,available,3.48,28.98,high,low,7,namecheap,,,11/09/2026 20:22
16ba84b9-3c17-406a-9ca3-a1f668f7e087,vladivostok.onl,available,5.49,23.49,high,low,11,namesilo,,,29/09/2026 15:13
0a06dadf-a8de-4404-a8c0-423ff84f6816,winthrop.onl,available,5.49,23.49,high,low,8,namesilo,,,27/09/2026 19:50
30d04bef-f241-41a8-8b6a-83bd23b0988e,klamath.onl,available,3.48,28.98,high,low,7,namecheap,,,28/09/2026 06:07
f065d8c6-5528-4679-9ac2-c6f45ccbb4f6,rounder.onl,available,3.48,28.98,medium,low,7,namecheap,,,23/08/2026 00:51
92121e53-fe5b-4505-b47b-cb0c04732e15,bingo.onl,premium,325,650,high,low,5,namecheap,,,22/09/2026 20:37
24aec295-883b-4abc-8231-dcbf9fbe4087,embassador.onl,available,3.48,28.98,medium,low,10,namecheap,,,18/09/2026 16:29
e3f7d6c9-0827-49ea-a424-226b5d49b6a6,manx.onl,available,3.48,28.98,medium,low,4,namecheap,,,24/08/2026 15:32
55e65250-e83a-4d6a-a7cb-6380709e019a,named.onl,available,3.79,23.49,high,low,5,namesilo,,,
9f67e0c0-9b4d-4171-8a74-ae2b908717a2,speeches.onl,available,5.49,23.49,medium,low,8,namesilo,,,28/09/2026 08:40
d9acceb2-fe72-4233-8228-bb468384d918,fingerprints.onl,available,2.99,19.48,medium,low,12,dynadot,,,28/09/2026 13:26
f22d9236-0dae-461f-b0bc-b176fd7ffa76,tedious.onl,available,5.49,23.49,medium,low,7,namesilo,,,23/09/2026 00:32
320d69d9-63fb-474e-b67c-3e2036876a38,nostril.onl,available,5.49,23.49,high,low,7,namesilo,,,19/09/2026 12:54
c37437f1-8ffb-4cb2-9a66-a2d192e278ab,planetarium.onl,available,3.79,23.49,high,low,11,namesilo,,,
da650775-1feb-48f3-9163-96ed61e18c81,decayed.onl,available,3.48,28.98,medium,low,7,namecheap,,,13/08/2026 20:59
9181dff7-d3fa-4956-8ba7-9983073cf21d,outlawed.onl,available,3.48,28.98,medium,low,8,namecheap,,,21/08/2026 19:52
552f1c12-a8ea-4205-9ee0-ee1c25c6c68a,autocrat.onl,available,3.48,28.98,medium,low,8,namecheap,,,21/09/2026 06:11
0ef497c2-c655-4d3f-a7a0-3d1fb6416392,walks.onl,available,3.48,28.98,medium,low,5,namecheap,,,25/09/2026 16:37
c82d60fe-b0b0-489b-8fe3-bd1c07e66a4c,grandfather.onl,available,18.2,18.2,high,low,11,cloudflare,,,30/09/2026 22:05
93f8f989-1de3-4d64-8d1b-f05627b72eed,innocuous.onl,available,4.99,35.99,high,low,9,name.com,,,22/08/2026 05:56
59024944-5f53-457a-bfdd-8619252d2304,crayon.onl,available,3.48,28.98,high,low,6,namecheap,,,24/09/2026 19:11
e69e0592-383e-47ea-b89c-91dc99d25169,tab.onl,premium,53.92,116,high,low,3,namesilo,,,28/09/2026 10:59
f074d7b6-1fc9-4408-b4c0-d7fb37d273e2,forbearing.onl,available,3.48,28.98,medium,low,10,namecheap,,,18/08/2026 10:57
b809bb49-a660-424b-be31-10d831d69df1,distributive.onl,available,2.99,19.48,high,low,12,dynadot,,,29/09/2026 21:23
cceb6a70-f2a7-4357-8efb-676a83921c99,acerbic.onl,available,3.48,28.98,medium,low,7,namecheap,,,
070696da-7224-47a0-b41b-e4ad8a5f5286,shoeless.onl,available,3.48,28.98,medium,low,8,namecheap,,,08/08/2026 19:04
e8862a0a-318a-43bd-b429-e3632735c6a3,withholding.onl,available,18.2,18.2,medium,low,11,cloudflare,,,30/09/2026 06:21
5bb560ce-c6ab-4630-b979-9458d2cc94c8,antiquities.onl,available,5.49,23.49,medium,low,11,namesilo,,,02/10/2026 01:45
1164edff-61d0-43de-af2e-44f43b11ea98,supplementary.onl,available,3.48,28.98,medium,low,13,namecheap,,,30/09/2026 19:39
ec557d11-8455-42ff-8ed7-a0b67a98471d,sealed.onl,available,3.09,10.76,high,low,6,porkbun,,,27/09/2026 18:59
2e906afc-62dc-4b1c-8ce8-38671ccb7cd7,tuscan.onl,available,3.48,28.98,high,low,6,namecheap,,,11/09/2026 21:27
64e8d0ef-89e6-4778-b1ae-edc9f4408dd1,runner.onl,available,5.49,23.49,high,low,6,namesilo,,,21/09/2026 22:22
127460a3-9bc3-4c73-ae38-282e1bc25cf3,hangout.onl,available,3.79,23.49,high,low,8,namesilo,,,
91148cdb-3730-4d03-b160-dc2bb907c143,whitewater.onl,available,5.49,23.49,high,low,11,namesilo,,,25/09/2026 10:47
bc91063f-52ae-42f6-af9e-14b8c2b05827,avocet.onl,available,5.49,23.49,medium,low,6,namesilo,,,21/09/2026 09:44
d2458d46-9af4-4a7c-937d-a9522c704534,postmortal.onl,available,3.48,28.98,medium,low,10,namecheap,,,09/09/2026 00:33
2c5714df-2fe3-4655-9c40-9ca3f8775de6,gaston.onl,available,5.49,23.49,high,low,6,namesilo,,,25/09/2026 12:38
31a03b77-da5d-4fa3-a7f9-57e7127fb1b5,fey.onl,available,3.48,28.98,medium,low,3,namecheap,,,16/08/2026 03:39
abc3f0b4-41d3-43cb-b229-00637a264592,baize.onl,available,3.48,28.98,medium,low,5,namecheap,,,21/09/2026 19:59
009b8a55-8a1c-4df0-98d3-300bf5699035,calcutta.onl,available,5.49,23.49,high,low,8,namesilo,,,30/09/2026 00:56
5e291a38-d11d-4bd2-a16e-563db1d39491,arcanum.onl,available,5.49,23.49,high,low,7,namesilo,,,20/09/2026 01:37
ce08daeb-b6d1-4578-8663-691cc564ff4c,guineas.onl,available,3.48,28.98,medium,low,7,namecheap,,,01/10/2026 17:45
6db6d9e0-3e13-4db8-8130-ce45a427ff61,cruiser.onl,available,18.2,18.2,medium,low,7,cloudflare,,,28/09/2026 18:32
475294b0-3735-4715-934d-2500b6e49a81,watches.onl,premium,160,302.5,high,low,7,namesilo,,,16/09/2026 10:07
ca513ada-3511-4b6c-9548-f60ced95927a,cass.onl,available,18.2,18.2,medium,low,4,cloudflare,,,29/09/2026 14:59
874c9e5b-7ee4-426c-9c62-c7ec1fafc4e6,prescribe.onl,available,3.09,10.76,high,low,9,porkbun,,,01/10/2026 01:46
228b2fa8-d29b-462b-9d77-75b3ff89a9b4,discontent.onl,available,3.48,28.98,medium,low,10,namecheap,,,14/08/2026 09:59
33a53f21-ffe8-4d18-a561-2eb6de5dff62,exchanging.onl,available,5.49,23.49,medium,low,10,namesilo,,,20/09/2026 00:55
5aa19ba1-7499-46b3-88b5-4ead9e5b7911,bareboat.onl,available,5.49,23.49,medium,low,8,namesilo,,,22/09/2026 05:23
6b75b828-593d-4897-9ac6-1045b8abf0ba,armature.onl,available,5.49,23.49,medium,low,8,namesilo,,,20/09/2026 06:32
a0edd397-6153-41a8-b4ab-51bd9061a2a1,decipher.onl,available,18.2,18.2,high,low,8,cloudflare,,,01/10/2026 22:11
032d2cc6-7ed5-4f88-9bac-2423a59d9006,trickster.onl,available,5.49,23.49,medium,low,9,namesilo,,,23/09/2026 02:57
f38e69b2-8368-460f-88a1-656f304b71d6,terry.onl,premium,55,110,high,low,5,dynadot,,,29/09/2026 18:32
057fa1e5-e50e-40e5-af3c-36326f639df1,admired.onl,available,3.48,28.98,high,low,7,namecheap,,,21/09/2026 18:53
72209365-fd4b-4307-afb9-7c3d66b22db5,frightened.onl,available,3.48,28.98,medium,low,10,namecheap,,,18/08/2026 15:37
ef39e990-2531-4a62-99b0-1874bc8105af,marooned.onl,available,5.49,23.49,medium,low,8,namesilo,,,25/09/2026 16:58
0bb92974-b4f3-4118-9a95-6e86d6811d28,busiest.onl,available,5.49,23.49,medium,low,7,namesilo,,,02/10/2026 03:59
1f8a15f2-77ac-43c1-aebf-6eae8f81b830,acapulco.onl,available,3.48,28.98,high,low,8,namecheap,,,16/09/2026 21:10
d41d3c0a-e025-4198-9537-e0b8dbf81681,michal.onl,available,5.49,23.49,medium,low,6,namesilo,,,30/09/2026 12:53
0fa94458-bb76-4cc7-870b-1e4a3fcb300d,champions.onl,available,3.48,28.98,high,low,9,namecheap,,,28/09/2026 13:32
c56619d4-9dc2-46f8-9d14-2d37f7958346,implicit.onl,available,3.48,28.98,high,low,8,namecheap,,,21/08/2026 22:37
198189e6-fe2c-446c-9d28-27cedc69c1f0,merit.onl,available,2.99,19.48,high,low,5,dynadot,,,29/09/2026 14:06
9faa0188-a69a-4a94-85be-8dc283412d27,rotation.onl,available,5.49,23.49,high,low,8,namesilo,,,29/09/2026 21:53
f1bf074b-bab7-4daf-bcad-1ed6e86f041a,unprepared.onl,available,3.48,28.98,medium,low,10,namecheap,,,12/09/2026 17:22
3a5961e7-a0c7-4a11-9faa-91585766c190,begging.onl,available,5.49,23.49,medium,low,7,namesilo,,,23/09/2026 02:16
2156e752-9beb-4798-a555-5bbc47160c0e,captures.onl,available,18.2,18.2,medium,low,8,cloudflare,,,01/10/2026 17:50
408dc6d9-1df8-4eb0-a7b1-e8cd4722f3d0,distributor.onl,available,5.49,23.49,high,low,11,namesilo,,,29/09/2026 08:54
9eb8f21f-429c-434b-9bc1-4ca4ca8a02d3,ambitious.onl,available,5.49,23.49,high,low,9,namesilo,,,22/09/2026 03:59
9fbf3ff1-9191-4629-bdf2-cf6d8c01d6d8,mohammedan.onl,available,3.48,28.98,medium,low,10,namecheap,,,25/08/2026 03:23
a6cc7514-c88b-4c10-8407-9c04ad570dd0,judgment.onl,available,2.99,19.48,high,low,8,dynadot,,,30/09/2026 01:01
c0b8a7ff-cc37-4588-be89-c664a14f8e78,hendrick.onl,available,5.49,23.49,medium,low,8,namesilo,,,29/09/2026 10:54
67dc87ec-02a0-42bc-b772-46d13498847f,bordello.onl,available,3.48,28.98,medium,low,8,namecheap,,,21/09/2026 18:17
1f7c03e8-b238-4294-9f76-446ab887139f,sounded.onl,available,3.79,23.49,medium,low,7,namesilo,,,
9d853c9c-779f-4a04-ac7b-167d0e4eea79,anosmia.onl,available,5.49,23.49,medium,low,7,namesilo,,,19/09/2026 11:51
0b8b702a-61f3-424f-939e-5500ed457460,braddock.onl,available,5.49,23.49,medium,low,8,namesilo,,,29/09/2026 15:49
2402296d-761e-4ed0-9501-3306e40ed4cc,eat.onl,premium,136.98,273.44,high,low,3,porkbun,,,30/09/2026 18:06
07c1ed6b-7122-4e82-aead-d083a460d3db,haircut.onl,available,3.09,10.76,high,low,7,porkbun,,,29/09/2026 21:56
d9877ee7-3dbd-470c-84cb-7edf6cdf697a,nurse.onl,resell,,,high,low,5,Dynadot Inc,26/02/2026 14:19,26/02/2027 14:19,29/09/2026 22:12
0b3f8966-175e-4425-970e-ecdaf337d910,garfish.onl,available,3.48,28.98,medium,low,7,namecheap,,,23/09/2026 16:11
21d47e6a-4d45-418e-a77a-1232041011bd,trumpets.onl,available,2.99,19.48,high,low,8,dynadot,,,02/10/2026 05:22
b93d397e-f334-4f12-816c-6cf46f5b7d56,wholemeal.onl,available,3.48,28.98,medium,low,9,namecheap,,,13/09/2026 11:17
f9025a0f-2ea6-4fc3-b370-07204ef4cdd7,leftovers.onl,available,3.09,10.76,high,low,9,porkbun,,,01/10/2026 20:16
8b41f2ad-7fd9-41a3-aa2c-57d91d907c4a,baring.onl,available,5.49,23.49,medium,low,6,namesilo,,,22/09/2026 06:03
1bafd985-60fa-4616-b51e-e4d3ed18f286,camps.onl,available,3.48,28.98,medium,low,5,namecheap,,,28/09/2026 18:04
b3d37bd3-825f-4401-ae53-fb07dc5e3689,steering.onl,available,5.49,23.49,medium,low,8,namesilo,,,28/09/2026 15:24
02967594-3a09-473a-864f-248cf884db0c,professionals.onl,available,18.2,18.2,high,low,13,cloudflare,,,28/09/2026 12:40
2835e6d6-56cb-462d-b84c-01faa32f87d6,ozone.onl,available,5.49,23.49,high,low,5,namesilo,,,29/09/2026 07:48
690ae50f-5b21-488e-822a-9fdb613b295d,calvinist.onl,available,3.48,28.98,medium,low,9,namecheap,,,11/08/2026 15:24
81ad26a0-5223-4bd4-8883-c15cf044b2a1,nevus.onl,available,3.48,28.98,medium,low,5,namecheap,,,23/09/2026 21:15
1d29004c-9d4c-427a-9d25-845e7082ea24,scienter.onl,available,3.48,28.98,medium,low,8,namecheap,,,16/09/2026 00:44
4316cc4f-e00a-40fe-9b68-fce20802de6c,christlike.onl,available,3.48,28.98,high,low,10,namecheap,,,12/08/2026 07:19
e1b274b7-9194-4802-bd2c-6713871ad379,scrutinise.onl,available,3.48,28.98,high,low,10,namecheap,,,21/09/2026 03:07
bd5aceb9-a810-46d0-82ec-cdcbcd6f639e,critique.onl,available,2.99,19.48,high,low,8,dynadot,,,29/09/2026 12:05
db012d3c-5f4b-487b-8ab1-55171f911c8e,elaine.onl,available,5.49,23.49,high,low,6,namesilo,,,25/09/2026 15:24
259c619c-d4b3-4fac-8c33-05c145eb88d2,neck.onl,available,2.99,19.48,high,low,4,dynadot,,,29/09/2026 07:49
cacc88f6-8209-48c2-86a1-22a300a243f5,wieldy.onl,available,3.48,28.98,medium,low,6,namecheap,,,13/09/2026 11:52
aa693cbd-8a0c-46ed-a7d2-00aa4c04e5a9,pla.onl,available,3.09,10.76,high,low,3,porkbun,,,27/09/2026 18:08
b6c1e655-79b0-467e-9cea-a6d647410e1a,dreamed.onl,available,18.2,18.2,medium,low,7,cloudflare,,,27/09/2026 21:44
9404d396-d66c-4876-8520-1fcf78093d15,slopped.onl,available,3.48,28.98,low,low,7,namecheap,,,09/08/2026 15:45
bcc63cda-1355-4c07-bad2-4f28b1506d7f,gallstone.onl,available,5.49,23.49,medium,low,9,namesilo,,,23/09/2026 15:46
c2fff740-2c53-4a53-95da-1ef94300bffe,unclaimed.onl,available,3.48,28.98,medium,low,9,namecheap,,,12/09/2026 05:13
f03c77fb-da7c-41fd-91e1-f133504de0b1,suggestive.onl,available,3.48,28.98,medium,low,10,namecheap,,,21/08/2026 22:34
5341dc1a-8c14-4267-a4c2-7d4363e9c2b4,bubbles.onl,available,3.48,28.98,high,low,7,namecheap,,,17/09/2026 03:32
16ac3b02-7972-4ee0-badd-9dab056a3a92,caisson.onl,available,5.49,23.49,medium,low,7,namesilo,,,18/09/2026 22:17
78f07ce9-27bf-491f-936f-830da6938105,araneae.onl,available,5.49,23.49,high,low,7,namesilo,,,20/09/2026 00:06
9ba5e53b-01af-42b7-8e93-c3d2f58eda48,undecided.onl,available,3.48,28.98,high,low,9,namecheap,,,04/09/2026 14:20
90a3f4fd-d523-4109-b84a-3287d069376f,uninsured.onl,available,3.48,28.98,medium,low,9,namecheap,,,12/09/2026 13:28
d1048e78-6ff1-4254-9b9d-567b30f6b5f2,fordable.onl,available,3.48,28.98,medium,low,8,namecheap,,,18/08/2026 11:24
61b0fcf8-4642-4b10-9992-98b05995e3df,corporate.onl,available,5.49,23.49,high,low,9,namesilo,,,01/10/2026 02:28
4c98ae0c-90ac-4b9a-8640-db89e8283d6b,carew.onl,available,5.49,23.49,medium,low,5,namesilo,,,30/09/2026 00:59
7ba2d3b8-b013-4700-b16a-dac0b04085b8,maidens.onl,available,5.49,23.49,high,low,7,namesilo,,,02/10/2026 03:57
e861c45e-e9fd-4982-882c-86806a8aab08,hodges.onl,available,3.48,28.98,medium,low,6,namecheap,,,25/09/2026 19:37
5d267431-9155-4453-920e-6f4da108e0d3,noisome.onl,available,3.48,28.98,medium,low,7,namecheap,,,18/08/2026 02:29
16aac5df-d714-4675-bf6f-5126f73374b7,mccall.onl,available,18.2,18.2,medium,low,6,cloudflare,,,27/09/2026 21:08
817653c9-8f97-4f92-8357-145382d72791,infidel.onl,available,3.48,28.98,medium,low,7,namecheap,,,18/08/2026 21:58
ad46ba88-12e2-48f6-9418-17ee34bb323a,periodically.onl,available,5.49,23.49,medium,low,12,namesilo,,,30/09/2026 14:44
d11fab4c-0448-4fd2-bc7c-10cf5821958b,unrested.onl,available,3.48,28.98,medium,low,8,namecheap,,,12/09/2026 18:02
8a2cdd9d-ccae-4ef9-8915-bc8e0dd02cbc,argosy.onl,available,5.49,23.49,medium,low,6,namesilo,,,20/09/2026 04:43
d762d5f7-1c9f-4466-98ba-fd0cc641c809,antiblack.onl,available,3.48,28.98,low,low,9,namecheap,,,
56327f72-6ee1-4834-8ee5-792124ae87f2,principal.onl,available,5.49,23.49,high,low,9,namesilo,,,27/09/2026 05:53
cb9d6d75-c6e6-46a7-bfe7-c602a263f371,marginally.onl,available,3.48,28.98,medium,low,10,namecheap,,,15/09/2026 13:29
69c4e3ae-21d4-429b-8727-259d8063ad5b,lakeview.onl,available,5.49,23.49,high,low,8,namesilo,,,30/09/2026 14:05
07fe5e95-0c14-4361-a839-2d2aa6294eff,assumption.onl,available,5.49,23.49,medium,low,10,namesilo,,,20/09/2026 16:39
5469139e-6d2d-4d11-8808-59d43117b441,farr.onl,available,5.49,23.49,medium,low,4,namesilo,,,28/09/2026 22:15
65a194c2-89b7-4d32-88aa-eb143ab7daa2,fizzle.onl,available,3.48,28.98,medium,low,6,namecheap,,,11/08/2026 11:19
ea8c4f09-db23-4c13-9d6c-448f49aca54c,opening.onl,available,3.48,28.98,high,low,7,namecheap,,,04/09/2026 16:15
bf82ee63-4c3a-4195-b86b-3f797145288f,recent.onl,available,5.49,23.49,high,low,6,namesilo,,,27/09/2026 10:49
70a32283-3d8c-42df-b157-ecd95bb706da,datable.onl,available,4.99,35.99,medium,low,7,name.com,,,13/08/2026 18:36
4bb00b5f-70f1-421e-b2b2-dec9eca914c7,contained.onl,available,5.49,23.49,high,low,9,namesilo,,,23/09/2026 21:42
d4754c75-5d25-49b4-854c-431e4e5adbb8,nocturnal.onl,available,3.48,28.98,high,low,9,namecheap,,,03/09/2026 18:04
86873de0-409e-45ee-bd9b-07ebd6eaf2f1,malevolent.onl,available,3.48,28.98,medium,low,10,namecheap,,,24/08/2026 13:52
78169700-07b5-4b46-b6ae-82248c9a2734,provisional.onl,available,18.2,18.2,high,low,11,cloudflare,,,30/09/2026 19:46
ff677ffb-54c3-46c4-81f1-8def1eebbba6,hanukkah.onl,available,5.49,23.49,high,low,8,namesilo,,,29/09/2026 08:04
66f1f388-603f-4938-80ed-d60fff5b3e69,newport.onl,available,3.48,28.98,high,low,7,namecheap,,,28/09/2026 02:29
9c922885-e944-46cf-8780-bf1c711b769d,jail.onl,available,5.49,23.49,high,low,4,namesilo,,,27/09/2026 04:20
d690d7f6-a9bc-4629-bf97-6004d61e4929,hatchet.onl,available,5.49,23.49,high,low,7,namesilo,,,30/09/2026 09:59
e9e71bb0-db92-46fd-857e-fb866a9d2c63,surgery.onl,available,5.49,23.49,high,low,7,namesilo,,,25/09/2026 23:54
03fd2257-d459-445b-a5ac-e4efc07490cc,doubtless.onl,available,3.48,28.98,high,low,9,namecheap,,,14/09/2026 13:54
5d6c84aa-a8a0-4b05-bd91-7f1f15f89b87,realms.onl,available,5.49,23.49,medium,low,6,namesilo,,,01/10/2026 17:43
48738ca7-a12b-44a2-b2e1-6dad9f5e7ca5,continues.onl,available,5.49,23.49,medium,low,9,namesilo,,,17/09/2026 13:29
9155185a-6d56-4865-ad67-d328dd563e7c,flukey.onl,available,3.48,28.98,medium,low,6,namecheap,,,18/08/2026 09:20
4ef740e4-8d79-4b68-aba2-a66da3a07ae4,motivate.onl,available,5.49,23.49,high,low,8,namesilo,,,27/09/2026 07:34
acab61cf-ca57-4553-8639-990419669008,rheumatism.onl,available,5.49,23.49,medium,low,10,namesilo,,,21/09/2026 00:56
aa0accf8-f61b-4966-8069-b198abc1e8e6,pelagic.onl,available,3.48,28.98,high,low,7,namecheap,,,04/09/2026 00:27
22d6f2e1-063b-48aa-8c73-7f725c41be48,beguine.onl,available,5.49,23.49,medium,low,7,namesilo,,,23/09/2026 02:59
df7992aa-0d23-4886-92c6-cc583dd79ec1,dividable.onl,available,3.48,28.98,medium,low,9,namecheap,,,14/08/2026 13:41
2f08f5c1-1147-4246-b8fa-cdd0ea4cc1f5,discreetly.onl,available,3.48,28.98,medium,low,10,namecheap,,,14/09/2026 13:04
b20bb761-2565-4ed5-91ee-ebfb92324891,siblings.onl,available,18.2,18.2,medium,low,8,cloudflare,,,29/09/2026 10:27
faa10595-da2f-4c8a-90e4-ae6919ff54cf,amsterdam.onl,premium,53.92,116,high,low,9,namesilo,,,19/09/2026 00:08
9908117a-0eaa-4e91-95af-6c3fbe51dd34,inbred.onl,available,3.48,28.98,medium,low,6,namecheap,,,22/08/2026 00:42
423f11b9-82c4-401d-aa53-cca264c20500,nonu.onl,available,3.48,28.98,medium,low,5,namecheap,,,03/09/2026 18:37
161dea61-3199-46c0-b15a-05f3b62053c3,roadster.onl,available,3.48,28.98,high,low,8,namecheap,,,11/08/2026 08:06
fe0cee7d-8e7a-4475-b38e-c2207ccf4911,resurrection.onl,available,5.49,23.49,high,low,12,namesilo,,,28/09/2026 16:51
f712dafa-4a84-4aa8-b436-ce9d5c66861d,sneakers.onl,resell,,,high,low,8,,,,01/10/2026 16:47
8674560f-beae-4055-a048-d87b47b4577d,bust.onl,available,5.49,23.49,high,low,4,namesilo,,,23/09/2026 09:51
058438e2-c369-4d40-b00f-841a4aaa1aaa,grid.onl,available,3.48,28.98,high,medium,4,namecheap,,,24/09/2026 17:52
6d7c0a4c-8150-4e12-b4dd-476b99df3ffc,serotonin.onl,available,5.49,23.49,high,low,9,namesilo,,,16/09/2026 12:37
d0cd780c-3634-4b25-9171-bd8376409b34,programming.onl,available,5.49,23.49,high,low,11,namesilo,,,28/09/2026 12:38
3d9f95b7-9ef8-49b3-923d-133acf7f9301,resilient.onl,available,3.48,28.98,high,low,9,namecheap,,,10/08/2026 21:47
d479b8ab-1507-43ab-8c38-5fa0b925555f,gunther.onl,available,18.2,18.2,medium,low,7,cloudflare,,,29/09/2026 15:16
49bcaab8-78b8-41f1-ba3b-df1628432099,supposedly.onl,available,5.49,23.49,medium,low,10,namesilo,,,28/09/2026 16:34
fd7fa111-670b-4e8a-8476-d2bdc4829e5f,mendenhall.onl,available,5.49,23.49,medium,low,10,namesilo,,,02/10/2026 00:45
fa724b84-6ac1-436e-87ee-645bcbafbac0,beetle.onl,available,3.48,28.98,high,low,6,namecheap,,,09/08/2026 08:17
7a7d1aee-b356-4b8c-bcb8-5e092874df5b,taxable.onl,available,3.48,28.98,medium,low,7,namecheap,,,03/09/2026 19:07
659d4b62-302d-4252-88a9-1b1ce257c4ba,palladio.onl,available,5.49,23.49,medium,low,8,namesilo,,,19/09/2026 04:26
6eeb3bbd-8701-4b54-ab51-8bd78fcf29cc,achy.onl,available,3.48,28.98,medium,low,4,namecheap,,,
3986ea07-c51e-4e60-8763-e817e5509a63,angiology.onl,available,5.49,23.49,medium,low,9,namesilo,,,19/09/2026 06:13
cd0079af-80a2-47d1-92c9-239651f8bacd,lissome.onl,available,3.48,28.98,medium,low,7,namecheap,,,23/08/2026 23:39
dd15a7a8-0261-4a1c-8e29-3fb06e99d7ed,baptisia.onl,available,3.48,28.98,medium,low,8,namecheap,,,22/09/2026 03:24
bd7d008f-767c-4d6f-aee1-4851b783191f,gaba.onl,available,5.49,23.49,high,low,4,namesilo,,,29/09/2026 12:26
c06f904c-25e1-46f4-a3a5-c2a5de4deb3c,beanbag.onl,available,3.48,28.98,high,low,7,namecheap,,,22/09/2026 20:20
1ab71334-0809-45b3-9fd1-73a9bbfc0e07,announcer.onl,available,5.49,23.49,high,low,9,namesilo,,,19/09/2026 10:49
c53f6528-1c07-4831-beb0-d2571b3e1832,operationally.onl,available,2.99,19.48,medium,low,13,dynadot,,,29/09/2026 17:55
3372e1b7-306a-4ac1-a3bb-9f6eef068e50,intervals.onl,available,3.48,28.98,medium,low,9,namecheap,,,29/09/2026 23:54
f076b6d2-9869-4f11-95d2-85c9663edf92,populate.onl,available,3.48,28.98,high,low,8,namecheap,,,24/08/2026 07:48
92dacce3-0c9c-487f-b06e-964922467d78,screws.onl,available,3.09,10.76,medium,low,6,porkbun,,,29/09/2026 17:35
8d1ab896-de5e-4ac9-9f25-bbbc4f4c0a7b,unceasing.onl,available,3.48,28.98,medium,low,9,namecheap,,,
138b5de6-7fdd-42b3-a058-ab050534025c,agee.onl,available,3.48,28.98,medium,low,4,namecheap,,,17/09/2026 16:52
302648d8-2384-401d-b2cd-50c57b6e259d,gonzales.onl,available,5.49,23.49,medium,low,8,namesilo,,,27/09/2026 20:26
a854f67a-bb5b-47e8-9444-5787209183e7,dared.onl,available,3.48,28.98,medium,low,5,namecheap,,,29/09/2026 16:49
9a2b61db-3e1f-47cd-97cf-c25e8fd7a3c8,pocketbook.onl,available,5.49,23.49,high,low,10,namesilo,,,23/09/2026 16:19
ac9a9f5b-8885-4c08-a864-f8760480f2fe,bioscope.onl,available,3.48,28.98,medium,low,8,namecheap,,,23/09/2026 19:01
bc71bf7b-edbb-464e-9a14-8fe08b0404e3,subdued.onl,available,3.48,28.98,medium,low,7,namecheap,,,14/08/2026 07:54
c6e27b55-4603-4f42-955e-124199246cf6,bros.onl,available,3.48,28.98,high,low,4,namecheap,,,18/09/2026 13:28
1b45064f-ad8d-4666-8b69-d943db2f1fa6,recognizing.onl,available,5.49,23.49,medium,low,11,namesilo,,,30/09/2026 23:30
a151bb8d-90c3-4789-800b-634e4d955006,pound.onl,available,5.49,23.49,medium,low,5,namesilo,,,29/09/2026 04:26
b804bf73-db37-4eb8-8d16-04a20728938c,passive.onl,available,5.49,23.49,high,low,7,namesilo,,,27/09/2026 02:56
c0df463e-e49e-4f21-8b0f-d67f384a27d5,orphans.onl,available,3.48,28.98,low,low,7,namecheap,,,28/09/2026 18:19
ec47205b-d7b5-4e23-920b-16056b792c75,candle.onl,available,5.49,23.49,high,low,6,namesilo,,,29/09/2026 06:35
2ec6d10e-7a27-4efe-8d35-bfa287d31686,emeritus.onl,available,3.48,28.98,high,low,8,namecheap,,,16/08/2026 15:05
17acce8f-88c2-4814-91f1-8269d449d11d,agnomen.onl,available,3.48,28.98,medium,low,7,namecheap,,,17/09/2026 18:44
8804dffc-5388-4222-bfa3-f086da855e01,apartment.onl,premium,160,302.5,high,low,9,namesilo,,,19/09/2026 16:17
458999f5-2c5b-4ead-b394-56263b8c013c,finch.onl,available,5.49,23.49,high,low,5,namesilo,,,29/09/2026 06:55
df37fc62-3e2e-45ff-948a-d07e1752fe82,exercise.onl,premium,53.92,116,high,low,8,namesilo,,,01/10/2026 02:39
8120c6a1-a200-46c6-b011-25e1ef5eb2a1,betty.onl,premium,,,high,low,5,,,,30/09/2026 03:40
55dc69ed-6e11-48a0-b742-7369d6e7263b,martha.onl,available,5.49,23.49,high,low,6,namesilo,,,01/10/2026 00:59
2540d442-4ee8-4c81-88d1-d46db780f333,tetanic.onl,available,3.48,28.98,medium,low,7,namecheap,,,11/09/2026 12:08
9c022513-efb8-4e5f-bd41-c3b766c56762,dans.onl,available,3.09,10.76,medium,low,4,porkbun,,,28/09/2026 04:35
2300742d-29db-4829-ba57-3ab25b2b0ed7,typo.onl,available,3.48,28.98,high,low,4,namecheap,,,24/08/2026 07:23
3f0f3c76-2947-49b9-b48b-a368da5340a4,uneducated.onl,available,3.48,28.98,medium,low,10,namecheap,,,12/09/2026 08:53
ed55bf4a-1dd1-49e1-8510-0b5a284eda59,approaching.onl,available,5.49,23.49,high,low,11,namesilo,,,25/09/2026 11:21
96c4a200-0d05-42f6-9999-1349064d8d38,aotus.onl,available,5.49,23.49,medium,low,5,namesilo,,,19/09/2026 16:05
217f3c15-e9ae-4d43-9fd9-880c783525d4,boxes.onl,available,5.49,23.49,medium,low,5,namesilo,,,17/09/2026 04:37
689a1320-3a65-4039-846b-27ab7e2319cc,dungeon.onl,available,3.48,28.98,high,low,7,namecheap,,,24/09/2026 23:29
5d2c2683-f73a-42b0-a0e7-57369577b8ee,physic.onl,available,18.2,18.2,medium,low,6,cloudflare,,,28/09/2026 07:44
806fa465-6bd8-459c-aed0-f32dfd3fe914,maddie.onl,available,5.49,23.49,high,low,6,namesilo,,,01/10/2026 11:42
ccf75bbf-18e5-4a71-814b-1edc16d179b5,quechua.onl,available,3.48,28.98,high,low,7,namecheap,,,22/08/2026 15:21
5020291b-9411-489a-8844-6e698f083de1,kershaw.onl,available,2.99,19.48,medium,low,7,dynadot,,,29/09/2026 22:25
ce335b73-d9e7-4c3c-86a9-29bf9c854550,zygomatic.onl,available,3.48,28.98,medium,low,9,namecheap,,,13/09/2026 15:39
a72d4b07-0197-46cd-88e0-e712382dbf3d,rhode.onl,available,5.49,23.49,high,low,5,namesilo,,,25/09/2026 15:06
3d8fb285-e5c6-4dad-8cec-c7a278a75363,archaeology.onl,available,3.09,10.76,high,low,11,porkbun,,,29/09/2026 22:59
89605403-b762-4fbf-95fc-e7ec3a6fd6b9,tandem.onl,available,3.48,28.98,high,low,6,namecheap,,,15/09/2026 06:56
b75f1119-537c-483b-8d88-0cace02b68e4,catarrhal.onl,available,3.48,28.98,medium,low,9,namecheap,,,11/08/2026 21:09
6dce7a16-ef5d-4545-8ef8-1d814e08bf5c,dynamical.onl,available,3.48,28.98,high,low,9,namecheap,,,14/08/2026 21:57
5f1d1712-7a6d-4119-ba1c-719fa370bbec,coowner.onl,available,3.48,28.98,medium,low,8,namecheap,,,01/10/2026 15:31
598d66cb-cf50-4521-a65e-6262b5a1d321,teen.onl,premium,62.5,125,high,low,4,name.com,,,21/09/2026 19:11
94cd2035-41c6-4922-ab4b-a654db738250,tripped.onl,available,5.49,23.49,medium,low,7,namesilo,,,01/10/2026 00:50
8fea32dd-1200-4aa5-a8d3-aeafc43372ed,hemal.onl,available,3.48,28.98,medium,low,5,namecheap,,,20/08/2026 21:41
4325f98c-0b81-40d0-b79e-ff0c2ed5e16d,serum.onl,available,5.49,23.49,high,low,5,namesilo,,,29/09/2026 06:06
9095aba5-c562-400e-8c18-f3d54a36553f,effected.onl,available,3.48,28.98,medium,low,8,namecheap,,,15/08/2026 14:18
21a57754-c15e-4355-9c1e-2b7d51b80f7b,jeffers.onl,available,18.2,18.2,high,low,7,cloudflare,,,02/10/2026 05:29
397858ac-408d-4f32-a174-12d03c4a4911,inpatient.onl,available,3.48,28.98,medium,low,10,namecheap,,,20/09/2026 21:46
cfdc7c9a-0df8-4fc4-ad5e-b882d4b8dff7,kenneth.onl,premium,65,130,high,low,7,namecheap,,,25/09/2026 19:13
80cc7ba2-9d4e-46de-afb2-87a3a3c0bc13,taradiddle.onl,available,5.49,23.49,medium,low,10,namesilo,,,21/09/2026 23:52
1d9a3d0d-1bb0-4554-91eb-ce86dc1af02f,gender.onl,available,18.2,18.2,high,low,6,cloudflare,,,28/09/2026 14:16
c7895dbc-41b8-43e1-a66e-5a0d4abccbbb,boil.onl,available,5.49,23.49,medium,low,4,namesilo,,,29/09/2026 00:13
20312ac1-a1d1-47d5-990a-7d3a786f001f,carping.onl,available,3.48,28.98,medium,low,7,namecheap,,,18/08/2026 00:03
4761c7c0-7d2b-4394-9c58-ed45e2e1ad81,gun.onl,available,5.49,23.49,high,low,3,namesilo,,,28/09/2026 17:19
51e471cb-44dc-48f9-84e7-fdf134990517,thread.onl,available,5.49,23.49,high,low,6,namesilo,,,30/09/2026 04:06
fc68a714-b66d-401a-9308-61f3b57bdc04,tibetan.onl,available,3.48,28.98,high,low,7,namecheap,,,11/09/2026 15:23
ddffa140-8ceb-4cd7-b593-c4ad55e4fba1,utopia.onl,resell,,,high,low,6,,,,30/09/2026 11:17
2c86695f-4544-47c6-9710-34c5e125be32,guerilla.onl,available,3.48,28.98,high,low,8,namecheap,,,22/08/2026 10:15
b175318c-0974-4246-9d6c-29dee992536e,ambulance.onl,available,5.49,23.49,high,low,9,namesilo,,,18/09/2026 17:28
51304a6f-2722-44b0-86d7-a46715da7346,formalized.onl,available,3.48,28.98,medium,low,10,namecheap,,,18/08/2026 12:03
9ef02290-4747-4841-b545-971d6cab4459,reyes.onl,available,5.49,23.49,high,low,5,namesilo,,,25/09/2026 23:52
a636faef-671e-46af-80a4-e1815f91a815,dorchester.onl,available,3.48,28.98,medium,low,10,namecheap,,,27/09/2026 07:30
a14f7c06-51b2-40ac-be47-72dc544b825f,rejected.onl,available,5.49,23.49,medium,low,8,namesilo,,,25/09/2026 11:50
6d162d6f-ed38-4660-a785-5d86e9b090c4,gujarati.onl,available,18.2,18.2,high,low,8,cloudflare,,,30/09/2026 09:59
167ed3b1-69d3-46df-ba91-4b574e6e4b97,yeasty.onl,available,3.48,28.98,medium,low,6,namecheap,,,08/08/2026 19:56
898346c4-bc5b-4870-858c-829474d7b6f7,nigel.onl,available,5.49,23.49,high,low,5,namesilo,,,27/09/2026 17:08
a58616a1-1b4a-492e-a649-0b7df580ed4e,ariocarpus.onl,available,5.49,23.49,medium,low,10,namesilo,,,20/09/2026 05:32
300fd570-7fa7-4d73-9833-d1a1095b2626,perinatal.onl,available,3.48,28.98,medium,low,9,namecheap,,,08/09/2026 17:07
40e54d13-ab5b-4de4-92d1-5ce7eaff540b,der.onl,available,18.2,18.2,medium,low,3,cloudflare,,,28/09/2026 20:56
1054b77f-0a5d-4f1a-929b-7443554c8593,suv.onl,premium,137.5,275,high,low,3,dynadot,,,30/09/2026 10:29
3d6e7356-b7e4-4a63-8959-d45904855290,plantar.onl,available,3.48,28.98,medium,low,7,namecheap,,,08/09/2026 20:50
aa044b48-835d-4a5d-8d7d-02cfbb7cda8f,unfirm.onl,available,3.48,28.98,low,low,6,namecheap,,,12/09/2026 10:19
1f45542e-e200-497f-9c91-aa5557c6960a,maths.onl,available,3.48,28.98,high,low,5,namecheap,,,30/09/2026 04:03
991a2b79-320d-4c0c-acb4-5bf07e345d61,fiscal.onl,available,5.49,23.49,high,low,6,namesilo,,,19/09/2026 10:22
bb969456-c856-4298-963c-a67dd2490ea7,unmeasured.onl,available,3.48,28.98,medium,low,10,namecheap,,,21/08/2026 20:53
1512aba7-eb0a-4f3d-b54f-8c0c94f6533d,devastation.onl,available,5.49,23.49,medium,low,11,namesilo,,,30/09/2026 06:10
23f4a4da-3a49-42ae-ae0b-892c09f138f9,luzerne.onl,available,5.49,23.49,medium,low,7,namesilo,,,30/09/2026 13:59
6e28d6c8-9f85-4e45-96da-274d6b0fece2,soak.onl,available,3.48,28.98,high,low,4,namecheap,,,16/09/2026 03:40
d3416794-492d-44d7-aa75-7fb10b014728,daly.onl,available,5.49,23.49,high,low,4,namesilo,,,25/09/2026 13:04
038ecf86-ec74-42a9-82ce-15e6a4a87f6d,spiders.onl,available,5.49,23.49,high,low,7,namesilo,,,16/09/2026 05:32
d02a60b2-87c1-42ab-b279-09e57ecc1028,welcomed.onl,available,18.2,18.2,high,low,8,cloudflare,,,29/09/2026 08:42
f70d2112-004a-4df8-bed8-201cde2a6e00,mislabeled.onl,available,3.48,28.98,medium,low,10,namecheap,,,25/08/2026 01:21
a1daa8a2-5c3b-489b-8313-ec209aa9489c,henson.onl,available,5.49,23.49,medium,low,6,namesilo,,,28/09/2026 14:26
7fc65929-1764-49e6-aa1f-9e7381eb754d,mannerly.onl,available,3.48,28.98,medium,low,8,namecheap,,,24/08/2026 15:20
df228ac4-1d69-4bc0-820c-f88a18a7f6c9,participation.onl,available,18.2,18.2,high,low,13,cloudflare,,,28/09/2026 22:50
2c331ff4-07fb-4f6b-9415-148f34a4ccb4,stables.onl,resell,,,medium,low,7,,,,28/09/2026 23:40
c88ad8c5-1b2f-44d6-baff-c3dbda04aa2c,allentown.onl,available,5.49,23.49,high,low,9,namesilo,,,18/09/2026 10:52
d6731fde-11ae-4981-9bd3-df28cf878475,resting.onl,available,18.2,18.2,high,low,7,cloudflare,,,28/09/2026 04:49
0fb4b58e-d740-442b-807b-95e5efd13c9a,practising.onl,available,3.48,28.98,high,low,10,namecheap,,,30/09/2026 04:09
2b1ae31c-bd92-44e6-bd7f-421b1c31e2f6,dainty.onl,available,4.99,35.99,high,low,6,name.com,,,13/08/2026 15:40
1d135226-c923-4120-b81f-bcab9a9a37cd,aengus.onl,available,5.49,23.49,medium,low,6,namesilo,,,17/09/2026 12:29
560e8a76-f992-4b10-bf28-cecd5a7d2641,perch.onl,available,3.48,28.98,high,low,5,namecheap,,,
338e01b1-7fc5-4071-86b6-c1904cd715fd,bought.onl,available,3.48,28.98,high,low,6,namecheap,,,30/09/2026 22:33
8a706615-9ca4-4f28-b3f9-2296c9d312a1,told.onl,available,3.79,23.49,medium,low,4,namesilo,,,
50fc83ab-8b61-46c7-95d0-26797a91e225,chattahoochee.onl,available,18.2,18.2,medium,low,13,cloudflare,,,30/09/2026 22:12
66eb197f-22f7-4e37-af53-c1e61e03e461,hairbrush.onl,available,4.99,,high,low,10,name.com,,,
9703504d-6ad8-4c50-8049-b893bdd66ea5,runny.onl,available,3.48,28.98,medium,low,5,namecheap,,,09/09/2026 19:37
f48b4fa2-d7f0-430c-93c3-85d4659e4f44,subocean.onl,available,3.48,28.98,low,low,8,namecheap,,,11/09/2026 00:32
3662063f-5dcf-49c5-8371-66781df786cc,congressman.onl,available,5.49,23.49,high,low,11,namesilo,,,28/09/2026 04:59
f61bf8f6-b3e4-43e2-86b5-fc2577da61fa,paul.onl,premium,55,110,high,medium,4,dynadot,,,28/09/2026 20:25
cf46a27a-b4b7-4943-9f59-450a2d5bec50,emboss.onl,available,3.48,28.98,medium,low,6,namecheap,,,10/08/2026 20:42
85cdbe69-c205-4751-a5c2-14d9e37ce73a,mention.onl,available,5.49,23.49,high,low,7,namesilo,,,29/09/2026 09:27
37442e32-25b6-4af7-8d52-8682a0ec59e2,strengths.onl,available,3.48,28.98,medium,low,9,namecheap,,,18/09/2026 22:25
918eede1-dd1a-44b8-83f1-427303d17e40,cresson.onl,available,3.48,28.98,medium,low,7,namecheap,,,13/08/2026 06:16
0b367abe-1c99-4764-b0f8-841aea9d4fdc,barbet.onl,available,5.49,23.49,medium,low,6,namesilo,,,22/09/2026 04:53
6a375132-ffdc-4812-87af-6e634a2d1cc1,cistercian.onl,available,18.2,18.2,medium,low,10,cloudflare,,,29/09/2026 18:21
8be45a68-1f7a-4579-9133-6446dde669a3,moscow.onl,premium,53.92,116,high,low,6,namesilo,,,29/09/2026 07:06
b6b56faf-120b-4161-b174-2085ddba913c,alabaman.onl,available,5.49,23.49,medium,low,8,namesilo,,,18/09/2026 01:35
4cb9e5b8-0a3f-4e3e-ae13-802b23d39572,planless.onl,available,3.48,28.98,medium,low,8,namecheap,,,
a2838ff6-64a3-4656-b55e-dd716b8021eb,carmelite.onl,available,3.48,28.98,high,low,9,namecheap,,,11/08/2026 19:22
e89f2ac8-6fca-425e-bb15-ac0c488fdd39,battalion.onl,available,5.49,23.49,high,low,9,namesilo,,,22/09/2026 14:24
1513321c-8b2b-4ab2-b99e-032cf40e357b,privileges.onl,available,2.99,19.48,low,low,10,dynadot,,,28/09/2026 17:31
8ef16984-6c9e-4a62-b51c-d32346f1b157,aloysius.onl,available,5.49,23.49,high,low,8,namesilo,,,01/10/2026 08:41
6c9d0899-4d04-438a-86ff-f60044c86398,enters.onl,available,5.49,23.49,low,low,6,namesilo,,,28/09/2026 17:22
3b2aa1a1-866b-4e73-b9f5-770b0d68eda2,lucubrate.onl,available,3.48,28.98,medium,low,9,namecheap,,,15/08/2026 23:00
2c674cbf-04cf-4102-b7ea-ebd55fb4d416,ser.onl,available,3.09,10.76,high,low,3,porkbun,,,01/10/2026 00:20
3aca625a-1e9f-46fe-a85e-89d52784d359,bleat.onl,available,3.48,28.98,medium,low,5,namecheap,,,10/08/2026 13:37
a2b8ceff-1258-4e37-b600-5de564b4ffc0,aramaic.onl,available,3.48,28.98,medium,low,7,namecheap,,,06/08/2026 12:13
199baf8c-cbb1-4883-8de1-abad78690f63,sculptured.onl,available,3.48,28.98,high,low,10,namecheap,,,20/08/2026 18:52
95a74d2c-33ac-4b19-86ba-9245e14c41dd,declining.onl,available,18.2,18.2,medium,low,9,cloudflare,,,01/10/2026 21:27
3cf9baac-1009-4506-aa37-cffd6aa48be3,macaronic.onl,available,3.48,28.98,medium,low,9,namecheap,,,24/08/2026 12:44
3d7b787e-c241-4a31-a9f4-fada65678bf4,formidably.onl,available,3.48,28.98,medium,low,10,namecheap,,,14/09/2026 19:46
af7e2d02-01af-47e5-b707-8cb9ec405811,alinement.onl,available,5.49,23.49,high,low,9,namesilo,,,18/09/2026 07:48
345da81b-6420-44e9-8d00-b213f5a832dd,hussain.onl,available,18.2,18.2,medium,low,7,cloudflare,,,29/09/2026 09:29
765550d5-f1a5-4b47-a976-9f27631cc979,damning.onl,available,4.99,35.99,medium,low,7,name.com,,,13/08/2026 16:33
81468dfd-89ee-44b8-ada4-7d97900d845c,jose.onl,premium,65,130,medium,low,4,namecheap,,,28/09/2026 11:51
dd1faee6-cd8c-466f-b86c-0df23b7d7fe6,austerlitz.onl,available,3.48,28.98,medium,low,10,namecheap,,,21/09/2026 04:41
0cd4a415-3225-4da9-9558-1f7d84ff7d54,spas.onl,available,3.48,28.98,medium,low,4,namecheap,,,18/09/2026 21:33
686e302f-d7dd-4d5c-8c30-1954fb547a0f,bassinet.onl,available,3.48,28.98,medium,low,8,namecheap,,,22/09/2026 12:23
a0ab0fc1-8db7-4778-91db-69f9e71b0bb2,paralysis.onl,available,18.2,18.2,high,low,9,cloudflare,,,29/09/2026 13:39
53b7f50b-a8f0-44d0-9209-5c88a25bdcb3,razor.onl,available,2.99,19.48,high,low,5,dynadot,,,30/09/2026 09:10
c734071a-0c8d-499c-a382-1f5f81c1fdf2,mild.onl,available,3.48,28.98,high,low,4,namecheap,,,25/09/2026 18:55
e947abae-fabc-4a3a-a02a-29f259dcba1d,thereof.onl,available,4.99,35.99,medium,low,7,name.com,,,16/09/2026 08:41
b2329b82-0bb4-45e4-8e5b-281d82f77cf0,ancona.onl,available,18.2,18.2,high,low,6,cloudflare,,,30/09/2026 03:22
99fdff1e-8f07-42c4-877a-206e0f903b1a,initiator.onl,available,5.49,23.49,high,low,9,namesilo,,,29/09/2026 13:07
563a9b30-ed4e-4e2e-b666-41fa7be1c048,mcmuffin.onl,available,4.99,,high,low,8,name.com,,,
c927c535-472c-40e3-949e-21ae4cad6dbe,mentorship.onl,available,2.99,19.48,high,low,10,dynadot,,,02/10/2026 02:09
cbd22493-8967-4765-96b9-6475ef4296a4,fortunate.onl,available,3.48,28.98,high,low,9,namecheap,,,18/08/2026 12:47
6886c758-d67e-4041-9272-403c3921dea0,catapult.onl,available,5.49,23.49,high,low,8,namesilo,,,20/09/2026 00:33
03a9f022-a8b9-4584-acab-5b233adce713,acarpous.onl,available,3.48,28.98,medium,low,8,namecheap,,,
5429e8f0-b913-4711-a83f-3272a5b66482,illuminating.onl,available,5.49,23.49,high,low,12,namesilo,,,01/10/2026 23:00
ad414359-d3f9-4cbe-a8ad-25ab32dc611c,phipps.onl,available,5.49,23.49,medium,low,6,namesilo,,,29/09/2026 04:24
83279dd5-d0b0-4fe9-947d-c310a7389493,rusty.onl,available,3.48,28.98,high,low,5,namecheap,,,04/09/2026 18:46
07f8358c-5f06-46e6-8b69-1e98cc3bd3a7,dextral.onl,available,3.48,28.98,medium,low,7,namecheap,,,14/08/2026 05:28
544f015f-2459-4be0-a7f5-f459a8bf966a,rochester.onl,available,5.49,23.49,medium,low,9,namesilo,,,01/10/2026 03:35
470dd93d-62bd-4b89-9810-8a3bbce84587,pathway.onl,available,3.09,10.76,high,low,7,porkbun,,,29/09/2026 06:59
eb7f7543-bb3f-4942-8141-c60b23d78c37,conscientious.onl,available,3.48,28.98,high,low,13,namecheap,,,30/09/2026 19:32
c7da61e1-6d4a-49df-b9c1-de9ebcc9e6b5,outsiders.onl,available,3.48,28.98,high,low,9,namecheap,,,30/09/2026 00:41
7c0578c4-e79e-4564-9085-2b3411e69af6,wta.onl,available,18.2,18.2,high,low,3,cloudflare,,,30/09/2026 21:03
ae6d7f14-6ce2-4591-b137-9a0d3d5318dd,pakistani.onl,available,3.48,28.98,high,low,9,namecheap,,,04/09/2026 23:13
17c7d574-2272-442a-b814-a756893695d7,oceans.onl,available,3.48,28.98,high,low,6,namecheap,,,18/09/2026 06:58
e9051ed8-3d90-4fd7-9e20-659d3885ed62,thy.onl,available,5.49,23.49,medium,low,3,namesilo,,,28/09/2026 15:36
362195ff-833e-4146-b7f7-26cb0043007f,citizens.onl,available,5.49,23.49,high,low,8,namesilo,,,18/09/2026 15:13
432a4182-02d3-4df6-84d8-0a7605dd03ac,sinners.onl,available,3.79,23.49,medium,low,7,namesilo,,,
35dfded8-f9ba-4588-8ffb-e59352c471e6,painted.onl,available,5.49,23.49,high,low,7,namesilo,,,25/09/2026 23:19
3eabba4d-486c-4f19-9686-cd1cedab2af9,phelps.onl,available,3.48,28.98,high,low,6,namecheap,,,25/09/2026 18:39
457c6899-68fc-4bf1-80cb-187fd59b5c4b,unashamed.onl,available,3.48,28.98,medium,low,9,namecheap,,,12/09/2026 01:08
eb0369c5-7411-4548-a6ac-53659c57a23c,animus.onl,available,5.49,23.49,medium,low,6,namesilo,,,19/09/2026 09:22
28cae208-5808-4ac4-8ae5-a2b0190e0e7b,snowballs.onl,available,5.49,23.49,medium,low,9,namesilo,,,19/09/2026 21:49
24c74fe3-f999-442d-bfa9-6d496d5adfcb,visualised.onl,available,3.48,28.98,medium,low,10,namecheap,,,17/08/2026 10:03
3b9d4b35-e891-4da7-80cc-b92982fbd247,incision.onl,available,5.49,23.49,high,low,8,namesilo,,,30/09/2026 01:58
6b5658bc-1aee-4729-ba38-3ee1ca3b78e6,tunnel.onl,available,5.49,23.49,high,low,6,namesilo,,,25/09/2026 03:48
be3b43eb-48e6-4265-9483-9b617efa9b54,shack.onl,available,5.49,23.49,high,low,5,namesilo,,,24/09/2026 23:26
64890059-e982-465e-b749-42f2a89d3db5,silently.onl,available,3.48,28.98,medium,low,8,namecheap,,,15/09/2026 15:52
60e0b50d-2dbd-4512-897b-030c41436584,atheneum.onl,available,3.48,28.98,medium,low,8,namecheap,,,20/09/2026 20:41
10eac070-409b-458e-8387-d7adb13d37c5,pneumatic.onl,available,3.48,28.98,high,low,9,namecheap,,,08/09/2026 22:06
24732340-5b40-43ed-b955-e738b7c0b778,backbiter.onl,available,5.49,23.49,medium,low,9,namesilo,,,21/09/2026 15:08
a3993c19-465a-42f9-b8db-ddc9d8664ecf,peninsular.onl,available,3.48,28.98,high,low,10,namecheap,,,08/09/2026 14:28
c41a6433-0f9e-4aaa-a4ad-b982e1701472,pee.onl,available,3.48,28.98,medium,low,3,namecheap,,,13/09/2026 09:51
b80f2bfe-87eb-434f-a4a4-e0eceed67f3d,dahna.onl,available,5.49,23.49,medium,low,5,namesilo,,,19/09/2026 23:21
6f2af893-9f31-4d4f-a57c-49666a492630,synoptical.onl,available,3.48,28.98,medium,low,10,namecheap,,,11/09/2026 06:35
84e1d272-7908-4f7a-87a6-1c84482ce24e,federalists.onl,available,18.2,18.2,medium,low,11,cloudflare,,,29/09/2026 11:41
77ec3c82-97da-4973-9d95-97ad7ab2d807,arioso.onl,available,5.49,23.49,medium,low,6,namesilo,,,20/09/2026 05:35
49263a92-45d1-4c1f-8c76-6b0937661238,infiltration.onl,available,5.49,23.49,medium,low,12,namesilo,,,30/09/2026 23:19
7797c0a7-8f0c-463a-b3a7-4ad03cb5324c,valuator.onl,available,5.49,23.49,medium,low,8,namesilo,,,19/09/2026 22:13
63266caf-bd59-4f65-9751-9dd0753cf5f9,suffice.onl,available,5.49,23.49,high,low,7,namesilo,,,01/10/2026 22:14
58a51025-1e11-46ee-94c3-a7be4958bb6a,aflame.onl,available,3.48,28.98,medium,low,6,namecheap,,,
be5f196c-00b9-462b-92cd-f621084d0c23,mahoe.onl,available,5.49,23.49,medium,low,5,namesilo,,,21/09/2026 21:57
febecb81-1308-4bc2-89f4-da230360fa90,macaulay.onl,available,5.49,23.49,medium,low,8,namesilo,,,28/09/2026 14:12
63319631-a0ba-406f-ab1d-23e405fbd78f,alienated.onl,available,3.48,28.98,medium,low,9,namecheap,,,
dfc27146-c788-4e2c-8231-0b2ad6af6e09,asceticism.onl,available,5.49,23.49,medium,low,10,namesilo,,,20/09/2026 13:08
f15a2ca7-53e4-4431-ad3d-25366ad102c5,socioeconomic.onl,available,5.49,23.49,medium,low,13,namesilo,,,16/09/2026 12:07
20fc404b-1f53-44a3-8cbb-62e32568eb89,flourish.onl,available,3.09,10.76,high,low,8,porkbun,,,30/09/2026 16:29
f6bbb429-e28b-4b6f-a8b6-cefa7088d136,salty.onl,available,5.49,23.49,high,low,5,namesilo,,,19/09/2026 11:13
0b716dad-f164-44b1-bda3-5c4a35b2104f,inconvenience.onl,available,5.49,23.49,medium,low,13,namesilo,,,29/09/2026 02:52
83bb22f5-ae8c-49df-a4a4-ee820d054302,bellyful.onl,available,5.49,23.49,medium,low,8,namesilo,,,23/09/2026 06:51
e3254892-fed5-44f3-b68e-36330cd0e53b,conversation.onl,available,5.49,23.49,high,low,12,namesilo,,,26/09/2026 00:44
b2e6f22b-a585-4f8f-8f7a-dfe210faf047,treatments.onl,available,18.2,18.2,medium,low,10,cloudflare,,,29/09/2026 04:46
41da7d44-b4f5-41ed-84bc-edc39061f8db,racism.onl,available,18.2,18.2,medium,low,6,cloudflare,,,29/09/2026 02:00
48288a96-9186-45c6-92cf-bbc38caaa01b,figured.onl,available,3.48,28.98,high,low,7,namecheap,,,18/08/2026 04:00
66248a29-4cdd-4668-b4e6-7f200cf1d5c0,fishy.onl,available,3.48,28.98,high,low,5,namecheap,,,18/08/2026 05:32
0e73f773-0e03-42c9-b171-18ec2756c2c2,package.onl,available,5.49,23.49,high,low,7,namesilo,,,24/09/2026 07:42
93e73c9a-e3eb-4150-9668-a91b2f0905db,muskegon.onl,available,5.49,23.49,high,low,8,namesilo,,,29/09/2026 10:06
db5dcf22-60d0-4c7f-aa2f-662a74fff599,mabel.onl,available,5.49,23.49,high,low,5,namesilo,,,25/09/2026 13:35
457a885f-51cd-44bc-85f0-584e30da0fd4,clearly.onl,available,5.49,23.49,high,low,7,namesilo,,,28/09/2026 13:55
79d1acce-5c9b-4b73-839e-25063863d588,undisciplined.onl,available,5.49,23.49,medium,low,13,namesilo,,,01/10/2026 06:56
c14ea4b9-c28b-4b9d-bac1-a98bdd762b98,substitute.onl,available,5.49,23.49,high,low,10,namesilo,,,22/09/2026 02:40
cc95ef25-dbf6-4b06-adc3-f01d2d12d896,methodology.onl,available,3.48,28.98,high,low,11,namecheap,,,30/09/2026 06:02
ddab61fa-8642-4e8a-8629-6b3b5fb37ae4,sibelius.onl,available,18.2,18.2,high,low,8,cloudflare,,,02/10/2026 05:29
38ca23a4-5d6c-42ef-80cc-6f65796b2f96,pubmed.onl,available,3.79,23.49,high,low,6,namesilo,,,
e6f01002-ba45-4c37-9559-b75049a92ee0,kim.onl,premium,65,130,high,low,3,namecheap,,,25/09/2026 19:17
66111cff-e32e-41d6-9a8b-391911369897,paulina.onl,available,3.09,10.76,high,low,7,porkbun,,,30/09/2026 20:13
00b4f264-21d2-4dae-a537-430efdf733b8,salads.onl,available,18.2,18.2,medium,low,6,cloudflare,,,30/09/2026 14:29
8e336406-8532-456c-85b5-dc85819588ae,periodic.onl,available,3.48,28.98,medium,low,8,namecheap,,,08/09/2026 17:11
0380fdb1-6f1b-41cf-afc2-d7d2c224671f,thrilly.onl,available,3.48,28.98,medium,low,7,namecheap,,,18/09/2026 19:36
eac8d939-2500-4890-b04c-4620020e9477,disappoint.onl,available,5.49,23.49,medium,low,10,namesilo,,,29/09/2026 14:14
05844847-14ab-4f85-aba4-9cbb0d027913,assegai.onl,available,5.49,23.49,medium,low,7,namesilo,,,20/09/2026 15:40
4001b9a1-c8f0-4b9d-a991-8cb38eaf4463,bahamian.onl,available,3.48,28.98,medium,low,8,namecheap,,,08/08/2026 08:31
1bed7983-4ced-4027-ac92-0a94af07cf7f,agra.onl,available,3.48,28.98,medium,low,4,namecheap,,,17/09/2026 19:09
89b11e76-144a-4219-90e9-71e0b29ca8e7,hilly.onl,available,3.48,28.98,high,low,5,namecheap,,,13/08/2026 04:46
1690198e-85a0-4a00-a70e-b14b1838917d,upper.onl,available,18.2,18.2,high,low,5,cloudflare,,,28/09/2026 09:57
161aa066-9e73-4895-b3d2-0d8e90d6ef98,serving.onl,available,5.49,23.49,high,low,7,namesilo,,,25/09/2026 23:06
1d006e24-caf2-4372-a242-b69903635d4e,battles.onl,available,5.49,23.49,low,low,7,namesilo,,,28/09/2026 08:54
9b98b41c-6da7-458b-bbdd-43f23c91ea4a,fairly.onl,available,3.48,28.98,high,low,6,namecheap,,,24/09/2026 16:08
3d29fb27-544a-4d88-a915-d328f538266b,uaw.onl,available,2.99,19.48,medium,low,3,dynadot,,,29/09/2026 21:51
cd851c6e-64e6-4106-b517-7e4eb4534586,bleach.onl,available,5.49,23.49,high,low,6,namesilo,,,24/09/2026 03:49
8d10aad6-8f42-458e-8bcd-aaae18418270,nursery.onl,available,5.49,23.49,high,low,7,namesilo,,,24/09/2026 23:01
cdf3ecd7-6c17-4673-88fb-b120b6251a24,homespun.onl,available,3.48,28.98,high,low,8,namecheap,,,13/08/2026 04:23
337b1366-9bbb-424f-a2f1-6b3e704ba4d9,unfettered.onl,available,3.48,28.98,medium,low,10,namecheap,,,12/09/2026 04:56
8b071320-e144-441f-9934-47caefe67c97,dynamics.onl,available,2.99,19.48,high,low,8,dynadot,,,29/09/2026 12:07
1eb12267-a71e-4fad-a0a1-468cb91e51b1,noon.onl,available,5.49,23.49,high,low,4,namesilo,,,29/09/2026 22:44
ac80ae8c-32c1-40eb-ac3b-c06937b4439f,primordial.onl,available,3.48,28.98,high,low,10,namecheap,,,09/09/2026 02:06
ebfeb936-6c0e-443d-9f48-e3754620bd0e,atrocious.onl,available,3.48,28.98,medium,low,9,namecheap,,,22/09/2026 11:11
b9f5360e-279f-49f0-bf93-82d450d52d9d,priestley.onl,available,5.49,23.49,medium,low,9,namesilo,,,29/09/2026 07:23
b9dae9c2-c12f-46eb-acd0-55400f715434,affiliated.onl,available,3.48,28.98,high,low,10,namecheap,,,
960c8374-045a-4db5-8fe1-7589fbeeb815,nonchalant.onl,available,3.48,28.98,high,low,10,namecheap,,,11/08/2026 20:36
017a6fea-e4a3-4122-9b24-26d3e157c14b,mawr.onl,available,3.09,10.76,medium,low,4,porkbun,,,28/09/2026 21:42
3ae313a7-204e-45e1-85c1-253196f8b169,lcs.onl,available,5.49,23.49,high,low,3,namesilo,,,01/10/2026 23:52
4337162b-d76e-4a3e-8c56-3a92d7f2d42d,discoid.onl,available,3.48,28.98,medium,low,7,namecheap,,,14/08/2026 09:38
cbcf456c-2c67-4d88-acf4-3c8a0b888ccb,statuesque.onl,available,3.48,28.98,high,low,10,namecheap,,,22/08/2026 14:32
b355798e-7d93-4e00-912a-3072a238d4bd,baryta.onl,available,3.48,28.98,medium,low,6,namecheap,,,22/09/2026 09:42
1185130c-2049-4979-9f69-d639b37118df,immensely.onl,available,3.48,28.98,high,low,9,namecheap,,,15/09/2026 01:58
eb1ca972-fe94-4dd9-b786-c6d2fc040b39,ghostlike.onl,available,3.48,28.98,medium,low,9,namecheap,,,06/08/2026 05:23
1c87a3c0-b1c5-4d07-9911-d2fc41ca617a,bimbo.onl,available,5.49,23.49,medium,low,5,namesilo,,,23/09/2026 16:54
df3233db-0655-42a7-97f6-6844e8398633,choking.onl,available,3.48,28.98,medium,low,7,namecheap,,,24/09/2026 14:44
be3599b7-0967-40d9-b50a-52897c802481,sweatshirt.onl,available,18.2,18.2,high,low,10,cloudflare,,,30/09/2026 12:42
5694dde1-7bc7-4e45-bb26-a0e3c7d3c4b0,unseasoned.onl,available,3.48,28.98,medium,low,10,namecheap,,,12/09/2026 18:46
29373347-7317-48cc-a687-8fef75ea8427,undetected.onl,available,3.48,28.98,medium,low,10,namecheap,,,12/09/2026 07:57
9cd6bc4b-1d4b-4f11-ba0d-3de9bd2b649b,rapper.onl,available,5.49,23.49,high,low,6,namesilo,,,30/09/2026 09:22
dc1099d3-2baf-48c1-82fa-abab8c5de478,libber.onl,available,3.48,28.98,medium,low,6,namecheap,,,18/08/2026 01:03
c585d014-263c-4b60-b9f6-1b2cfe038975,circuits.onl,available,5.49,23.49,medium,low,8,namesilo,,,29/09/2026 00:07
77ad9309-b9ee-4bfe-a50e-70e169e61e3b,brazilian.onl,available,3.48,28.98,high,low,9,namecheap,,,11/08/2026 02:57
7c9f72b7-3178-41a5-b8c6-d76ff419a641,digest.onl,available,5.49,23.49,high,low,6,namesilo,,,24/09/2026 10:44
6a8768b7-6685-49e6-ad3e-39803aa992ff,exogenous.onl,available,3.48,28.98,medium,low,9,namecheap,,,17/08/2026 17:33
421283bc-dc97-4e43-8dca-ab63526f8154,oddly.onl,available,18.2,18.2,medium,low,5,cloudflare,,,28/09/2026 14:28
2c2e13d9-6ff3-4a8b-8473-cae3a7497750,merged.onl,available,3.48,28.98,high,low,6,namecheap,,,22/08/2026 01:59
6a2f62eb-a41f-4773-8121-2852d593d31b,tentacles.onl,available,5.49,23.49,medium,low,9,namesilo,,,02/10/2026 03:57
458d97b0-1d66-4d1c-bf16-56a27018c35a,geography.onl,available,18.2,18.2,high,low,9,cloudflare,,,28/09/2026 19:20
d7606330-9709-4390-a96a-753fa3f76dc1,actuary.onl,available,5.49,23.49,high,low,7,namesilo,,,17/09/2026 05:21
31ef86f4-9a79-40dc-ae0f-ab7dd852d4b3,beeswax.onl,available,5.49,23.49,high,low,7,namesilo,,,23/09/2026 01:48
133352cb-9174-464c-bc62-92933037d1a4,molar.onl,available,3.48,28.98,medium,low,5,namecheap,,,25/08/2026 03:38
df0a4b35-36a6-4869-aee2-3e248749dae8,mayfield.onl,available,5.49,23.49,medium,low,8,namesilo,,,28/09/2026 12:21
7fe133d7-40cd-4196-ab9c-6c8e475765f3,hardheaded.onl,available,3.48,28.98,medium,low,10,namecheap,,,21/08/2026 00:26
79befdc9-d2b0-4d20-b162-a041dbcca287,tore.onl,available,5.49,23.49,medium,low,4,namesilo,,,30/09/2026 03:02
c9986101-9c56-45a1-ae68-29409ed89b37,unadorned.onl,available,3.48,28.98,high,low,9,namecheap,,,11/09/2026 23:54
7e40c644-6a4d-4db9-9fae-2669cfca9a95,courtesy.onl,available,3.48,28.98,high,low,8,namecheap,,,24/09/2026 18:48
8b6d061b-6f23-421d-988c-46c27da32ed4,oafish.onl,available,3.48,28.98,medium,low,6,namecheap,,,10/08/2026 19:32
23840b36-62e3-48a7-b67d-b9d8286dd5c4,mesmerized.onl,available,3.48,28.98,high,low,10,namecheap,,,17/08/2026 22:50
620a8ba0-cd43-442b-8dd0-7ea0e202263d,annabelle.onl,available,5.49,23.49,medium,low,9,namesilo,,,02/10/2026 02:04
e3c68859-16ef-4511-9808-c5631de8514b,linnean.onl,available,3.48,28.98,medium,low,7,namecheap,,,23/08/2026 17:24
72bd11b4-7ae9-4d43-a6ae-6a7f8b492485,gibbous.onl,available,3.48,28.98,medium,low,7,namecheap,,,13/08/2026 07:44
b762f81c-a044-483c-ba07-2f37b25b6557,started.onl,available,5.49,23.49,high,low,7,namesilo,,,18/09/2026 11:27
4a1bb4a1-530a-4d56-a9fd-5019b6f5dac8,mistreated.onl,available,3.48,28.98,medium,low,10,namecheap,,,21/08/2026 19:35
757cd031-2b11-4ea9-9629-e639a031ccf4,kanagawa.onl,available,5.49,23.49,medium,low,8,namesilo,,,30/09/2026 05:13
9a38cd5c-5087-470b-b20f-fb9dd8b8172e,contingent.onl,available,5.49,23.49,high,low,10,namesilo,,,23/09/2026 22:07
4f495726-f7e6-4eae-9279-6b19947a6549,masses.onl,available,5.49,23.49,high,low,6,namesilo,,,29/09/2026 22:51
1237ad26-fae5-4df8-9116-1beb857e62f2,dresses.onl,premium,53.92,116,medium,low,7,namesilo,,,18/09/2026 07:11
1bb80edd-b919-4782-acf0-060bcec2beb0,wavelike.onl,available,3.48,28.98,medium,low,8,namecheap,,,13/08/2026 06:56
e9c7fe9f-7525-4a5a-a385-60c8492ebd05,exclamation.onl,available,4.99,,high,low,11,name.com,,,
8e2c8a9b-4f09-4fc7-9ab4-924d8b103800,tag.onl,premium,53.92,116,high,medium,3,namesilo,,,24/09/2026 13:51
6b34de43-2f1b-4392-a376-f2d252fb56f4,accrued.onl,available,3.48,28.98,high,low,7,namecheap,,,
5092fece-fecb-4fff-bebd-c6e46dd0e2ab,warhead.onl,available,3.09,10.76,high,low,7,porkbun,,,30/09/2026 18:18
24098ddf-8ac2-44ab-8cba-55018537ba24,deciding.onl,available,3.48,28.98,high,low,8,namecheap,,,13/08/2026 21:23
ea67fd14-203c-47ef-bee6-503bb2f7e6be,robespierre.onl,available,18.2,18.2,medium,low,11,cloudflare,,,30/09/2026 21:25
dc83953d-6993-43d8-9814-d02f6adca1c5,aloof.onl,available,3.48,28.98,medium,low,5,namecheap,,,
5b4c8826-5228-4ad5-a459-3f257c759ed5,luckless.onl,available,3.48,28.98,medium,low,8,namecheap,,,24/08/2026 10:59
3182cf71-fa1b-45d6-8adc-26534f1c0dfd,multinational.onl,available,18.2,18.2,high,low,13,cloudflare,,,01/10/2026 05:37
399a8f30-e49f-4660-b545-d24daf93b79c,snout.onl,available,18.2,18.2,high,low,5,cloudflare,,,30/09/2026 01:54
597e2141-ee8b-4668-b97a-4cfd001e5272,aweigh.onl,available,3.48,28.98,low,low,6,namecheap,,,07/08/2026 14:29
74e88ad1-418f-4e9f-9610-df3ce5b1a22f,connate.onl,available,3.48,28.98,medium,low,7,namecheap,,,12/08/2026 15:46
ea1089eb-debb-4538-ae5b-d968d48d926f,pawky.onl,available,3.48,28.98,medium,low,5,namecheap,,,08/09/2026 10:57
aa49f5b5-7624-4128-b347-0a675c85f0fb,squalls.onl,available,5.49,23.49,low,low,7,namesilo,,,20/09/2026 14:16
31b38c1a-d53a-4dd3-8db7-1827e9fe777f,chipped.onl,available,5.49,23.49,medium,low,7,namesilo,,,30/09/2026 19:50
d9aab754-a0ea-40d8-a517-73b81136a255,wickham.onl,available,3.48,28.98,medium,low,7,namecheap,,,29/09/2026 05:45
d3954e72-29f7-46e7-b6f9-73ab0a76a6c4,sunnyside.onl,available,5.49,23.49,high,low,9,namesilo,,,30/09/2026 14:04
6ce34b4b-f8b4-4341-84d5-35fe719ab263,abbreviated.onl,available,3.09,10.76,medium,low,11,porkbun,,,30/09/2026 19:14
e39c2429-6fab-4417-bf51-050d5756dc04,exploratory.onl,available,5.49,23.49,high,low,11,namesilo,,,01/10/2026 06:16
643dcbe0-4f1c-4efc-ab8d-2b345493f8f7,discursive.onl,available,3.48,28.98,medium,low,10,namecheap,,,14/08/2026 06:00
3ff0cae1-0082-4f1e-bdf1-5ad4c18f2697,providing.onl,available,5.49,23.49,high,low,9,namesilo,,,28/09/2026 07:19
0971740a-e446-4773-9b4e-c4fcbadb1516,geology.onl,available,5.49,23.49,high,low,7,namesilo,,,29/09/2026 07:05
58b80f56-fdf9-409c-bd89-ee7f9d8f47fd,lissom.onl,available,3.48,28.98,medium,low,6,namecheap,,,23/08/2026 23:41
32181615-7e6c-4bde-8941-6326c52db3a0,aram.onl,available,5.49,23.49,medium,low,4,namesilo,,,19/09/2026 23:55
303d84d1-f06c-4d4f-9ac1-b6680e8877ea,hustle.onl,available,5.49,23.49,high,low,6,namesilo,,,17/09/2026 09:12
a45556ca-bbb5-406a-9999-34aec4fb4f43,macgregor.onl,available,18.2,18.2,medium,low,9,cloudflare,,,28/09/2026 19:47
30c18c0c-7943-4a80-a010-214c9f47e571,apart.onl,available,5.49,23.49,high,low,5,namesilo,,,22/09/2026 07:07
fc73166d-2ac8-4e50-ab81-94636c26d14f,nonexempt.onl,available,3.48,28.98,medium,low,9,namecheap,,,03/09/2026 19:09
2292758f-e0cd-4291-a057-e74bda2b10f4,ballerina.onl,available,3.48,28.98,high,low,9,namecheap,,,21/09/2026 22:49
f334ee09-55ac-46ce-aa36-42d42ecf5554,joined.onl,available,3.48,28.98,high,low,6,namecheap,,,25/09/2026 11:54
cb0ce345-056e-4a08-9aec-4ebfabb997fd,ascites.onl,available,3.48,28.98,medium,low,7,namecheap,,,20/09/2026 13:17
bf20d6f2-4bb1-4667-9715-2c6a6a853d80,agenesis.onl,available,5.49,23.49,medium,low,8,namesilo,,,17/09/2026 17:08
d2485d87-f3b2-41a6-95f9-699abb3f2d93,crockett.onl,available,18.2,18.2,medium,low,8,cloudflare,,,28/09/2026 01:43
e943820c-2124-4e2d-8a66-4066f12ec447,venerating.onl,available,3.48,28.98,high,low,10,namecheap,,,09/09/2026 16:09
0ad21484-2083-4c53-95cb-263ae5a30a87,amur.onl,available,3.48,28.98,high,low,4,namecheap,,,19/09/2026 00:13
52b8f4ab-fc17-41dc-b1f9-45023eb25319,delaney.onl,available,5.49,23.49,medium,low,7,namesilo,,,28/09/2026 04:06
90481ad7-0b46-422e-8b98-05154307660a,uncover.onl,available,18.2,18.2,high,low,7,cloudflare,,,30/09/2026 16:42
7a9d119a-6cf9-4dbc-b345-c6def285490a,reckon.onl,available,5.49,23.49,high,low,6,namesilo,,,30/09/2026 09:37
9915967f-64c7-48cb-8f70-86620b0c86be,untreated.onl,available,3.48,28.98,medium,low,9,namecheap,,,12/09/2026 21:44
17be2bc7-e629-4aaa-b92b-9bd884cde079,onager.onl,available,5.49,23.49,medium,low,6,namesilo,,,20/09/2026 00:38
56310e15-956c-474d-ab9c-23963f63bec8,voyager.onl,available,2.99,19.48,high,low,7,dynadot,,,30/09/2026 11:18
14371726-ec18-4a69-b48f-2c7de1f59854,araxes.onl,available,3.48,28.98,medium,low,6,namecheap,,,20/09/2026 00:19
5e980213-3762-4b20-b96e-923c9b8b009d,thrilled.onl,available,3.48,28.98,high,low,8,namecheap,,,11/09/2026 14:36
3cce2d1d-1f16-42f9-b7dd-ce0492a50e94,plump.onl,available,3.48,28.98,high,low,5,namecheap,,,12/08/2026 07:35
77340b5f-f586-470e-80bf-f2902da90458,brackish.onl,available,3.48,28.98,medium,low,8,namecheap,,,11/08/2026 00:43
80f30853-6ee4-456d-a652-336b34015038,icf.onl,available,18.2,18.2,high,low,3,cloudflare,,,29/09/2026 03:19
b00ddbf8-ecf8-4786-a764-26a0ce6e502b,upriver.onl,available,3.48,28.98,medium,low,7,namecheap,,,12/09/2026 23:26
90918a36-352e-46ab-975a-9b501739ca73,honduran.onl,available,3.48,28.98,medium,low,8,namecheap,,,21/08/2026 13:17
d606f749-76fa-469b-abb5-50948dfeff13,leeward.onl,available,3.48,28.98,medium,low,7,namecheap,,,22/08/2026 22:34
8ee868fd-23c5-4d4e-ad7c-63a1f8d8e843,unreal.onl,available,5.49,23.49,high,low,6,namesilo,,,22/09/2026 09:00
c86d0298-f6db-4e38-9f01-450b9c327ea1,radioactivity.onl,available,3.79,23.49,medium,low,13,namesilo,,,
19cc53a0-52e8-4e22-b84e-d8f1efe5630d,enteric.onl,available,3.48,28.98,medium,low,7,namecheap,,,17/08/2026 09:53
d48dec33-225a-4491-b693-abdf66d66c61,strabismus.onl,available,3.48,28.98,medium,low,10,namecheap,,,10/09/2026 17:49
bc40dd9a-9fbf-4c8c-ab28-32a7416b4c66,barcarolle.onl,available,5.49,23.49,medium,low,10,namesilo,,,22/09/2026 05:06
90fbfc87-f442-4386-a03f-00efc4c6f41f,fictional.onl,available,3.48,28.98,high,low,9,namecheap,,,17/08/2026 20:18
241b0567-b4ce-4942-8ccf-309a804eca27,manuel.onl,available,5.49,23.49,high,low,6,namesilo,,,25/09/2026 15:00
c08fa680-1d88-4ce5-8c4a-0513e789e4d4,retainer.onl,available,5.49,23.49,high,low,8,namesilo,,,30/09/2026 02:42
34985cee-20d8-439f-8bd0-7b293cb42780,mahabharata.onl,available,3.09,10.76,high,low,11,porkbun,,,30/09/2026 20:17
f7393f6d-a4f4-4d43-8190-aca1288b602f,loftily.onl,available,3.48,28.98,medium,low,7,namecheap,,,15/09/2026 12:38
458b610b-9d66-407e-8818-5108cb2adc6b,afterimage.onl,available,5.49,23.49,high,low,10,namesilo,,,17/09/2026 15:42
4af9fbac-6156-446b-8313-2be2a747f9e1,competitor.onl,available,2.99,19.48,high,low,10,dynadot,,,29/09/2026 06:18
0951ce9c-db5b-4ed5-b272-bf51df69602b,incoming.onl,available,3.48,28.98,high,low,8,namecheap,,,22/08/2026 01:44
718bf30a-51da-4769-a33e-3b91857f09b0,urine.onl,available,5.49,23.49,high,low,5,namesilo,,,28/09/2026 02:54
f60270c9-a345-4a68-8d2a-82d598d187f6,plural.onl,available,3.48,28.98,high,low,6,namecheap,,,08/09/2026 22:02
530316d5-cf3b-4d0d-82e7-6389c06151b0,cheesy.onl,available,5.49,23.49,medium,low,6,namesilo,,,23/09/2026 11:13
8e296fc9-4800-4b6a-b231-64a908cfb393,douglas.onl,premium,53.92,116,high,low,7,namesilo,,,27/09/2026 13:08
8bc5cd9c-6870-4b64-9559-415dcfc1b114,tunic.onl,available,3.48,28.98,high,low,5,namecheap,,,17/09/2026 10:34
a97b88bc-6abb-417f-ae54-6a6cdd62914b,antagonist.onl,available,5.49,23.49,high,low,10,namesilo,,,17/09/2026 10:48
6309b629-c706-4096-9878-54cd65583d0a,tiled.onl,available,3.48,28.98,medium,low,5,namecheap,,,11/09/2026 15:55
1dfb0592-b227-4c6c-a6e2-c22157d7eae6,alumni.onl,available,5.49,23.49,high,low,6,namesilo,,,29/09/2026 23:10
06493179-c965-4b91-a8fb-655259fe9da1,mythical.onl,available,3.48,28.98,high,low,8,namecheap,,,03/09/2026 12:31
bf7d1d2e-f221-4418-9f56-a0bf30cb426b,befitting.onl,available,3.48,28.98,medium,low,9,namecheap,,,09/08/2026 08:38
0f624e62-42c5-4620-9df8-f31cb30e43aa,warheads.onl,available,3.48,28.98,low,low,8,namecheap,,,02/10/2026 04:03
22726d6e-3ae5-40d7-88fd-9744b899e9ac,biotic.onl,available,3.48,28.98,high,low,6,namecheap,,,10/08/2026 03:14
052c3eb9-0bd2-4ad1-8fbd-d2ed03be0214,digestive.onl,available,3.48,28.98,high,low,9,namecheap,,,24/08/2026 15:24
bb9c8f3f-1cde-466d-8512-9dc77fe2ed1c,prissily.onl,available,3.48,28.98,low,low,8,namecheap,,,15/09/2026 21:29
4b0aefd1-31e1-4027-b067-b128df41b1fb,dedicated.onl,available,5.49,23.49,high,low,9,namesilo,,,23/09/2026 20:41
f0e9f50f-ab98-4391-b467-dcbf27296825,contributor.onl,available,18.2,18.2,high,low,11,cloudflare,,,30/09/2026 19:30
fe25c16f-6e6a-4ffa-a9cd-945c05f0ff05,louisiana.onl,available,5.49,23.49,high,low,9,namesilo,,,28/09/2026 10:17
bdc81f73-a161-49c9-ac84-bdb6a70fefb7,pumped.onl,available,5.49,23.49,high,low,6,namesilo,,,29/09/2026 03:14
6f98e9ba-89b0-4fbf-a16a-b22f2c85c568,entrances.onl,available,5.49,23.49,medium,low,9,namesilo,,,30/09/2026 07:42
b83cdcb1-0a75-4b8f-958e-dbfd93e011d0,graduating.onl,available,5.49,23.49,low,low,10,namesilo,,,28/09/2026 12:36
c9b562e1-3fe1-44cb-91f7-42c0f8b6f528,melting.onl,available,3.48,28.98,high,low,7,namecheap,,,23/08/2026 23:35
43059a6b-c1d6-43c6-8387-e8944e5e675b,frustrated.onl,available,5.49,23.49,medium,low,10,namesilo,,,24/09/2026 10:57
2cb04c4d-3e79-4f38-9387-d83a6a487bc8,allergen.onl,available,5.49,23.49,high,low,8,namesilo,,,18/09/2026 10:53
7b13f83c-5200-4e7c-b61e-48e1a8449ab9,priest.onl,available,5.49,23.49,high,low,6,namesilo,,,27/09/2026 04:53
0fa4be86-70a9-4dc2-ad47-2a26c101a936,blowhard.onl,available,3.48,28.98,medium,low,8,namecheap,,,11/08/2026 01:19
2b1bae71-c63f-41c6-abb2-8526bae6ba51,lobes.onl,available,5.49,23.49,medium,low,5,namesilo,,,01/10/2026 17:10
870b3756-c82f-4608-bc4e-ea65a80f6a52,achievement.onl,available,3.09,10.76,high,low,11,porkbun,,,28/09/2026 08:12
1600947b-e1fc-4efc-bc97-0e853b6ba3b4,persisting.onl,available,3.48,28.98,high,low,10,namecheap,,,14/08/2026 15:05
482b70be-d3b6-4827-a6cf-821f67d472f7,joyless.onl,available,3.48,28.98,medium,low,7,namecheap,,,22/08/2026 14:04
751c9962-3163-4a91-9bb4-dfdff3287980,dolce.onl,available,3.48,28.98,high,low,5,namecheap,,,14/09/2026 13:39
a29585e9-5224-4d7c-b1ed-7ecf745693f5,seemed.onl,available,3.48,28.98,medium,low,6,namecheap,,,18/09/2026 01:00
6d14add5-b208-4416-ae9d-8d6ce62e3287,nano.onl,resell,,,high,medium,4,,,,29/09/2026 23:17
a856c04c-ec6d-4055-831f-69faabef1cef,lagger.onl,available,3.48,28.98,medium,low,6,namecheap,,,22/08/2026 18:42
3841eac9-d299-4415-a899-0f84e8151d15,phone.onl,premium,53.92,116,high,low,5,namesilo,,,29/09/2026 17:28
b6333eb6-819e-4ead-9152-e2859771dfdd,microscope.onl,available,18.2,18.2,high,low,10,cloudflare,,,28/09/2026 19:53
42e3f596-6b59-4554-b36d-de4e8f8bec79,warn.onl,available,5.49,23.49,high,low,4,namesilo,,,28/09/2026 03:18
4aed51dc-46fa-4582-bb20-be72b336bfc2,engaged.onl,available,3.48,28.98,high,low,7,namecheap,,,10/08/2026 19:07
cacc9729-afd5-4aa9-9510-55662f11ca37,included.onl,available,3.48,28.98,high,low,8,namecheap,,,22/08/2026 01:33
7f22ca7d-e5c6-4d7d-b8d4-7f048dc862a6,beatniks.onl,available,3.48,28.98,medium,low,8,namecheap,,,22/09/2026 21:34
bb65eab8-0fac-422a-b02b-375f30fe9fe5,disgruntled.onl,available,5.49,23.49,medium,low,11,namesilo,,,01/10/2026 05:39
d60ad98a-aa27-426d-8e07-05265515d00c,clique.onl,available,5.49,23.49,high,low,6,namesilo,,,24/09/2026 15:47
8713690d-9cab-43fd-8a88-7b013aaf9ba7,stony.onl,available,3.48,28.98,medium,low,5,namecheap,,,10/08/2026 21:45
07d801c3-fb4e-4f86-918a-975836520cbc,courtenay.onl,available,18.2,18.2,medium,low,9,cloudflare,,,29/09/2026 22:46
856c496f-88b9-4a05-8fee-609c1b19fd1e,rooms.onl,premium,160,302.5,high,low,5,namesilo,,,30/09/2026 10:23
5e62ba26-270c-4abe-b1a3-a66266805f8f,tolerant.onl,available,3.48,28.98,high,low,8,namecheap,,,22/08/2026 19:55
1a0115d9-1993-46c8-8090-f4ffe544af35,implausible.onl,available,18.2,18.2,medium,low,11,cloudflare,,,01/10/2026 09:12
8e6ea3af-63ac-4088-b73b-b3aa3d216f3b,aberrant.onl,available,3.48,28.98,high,low,8,namecheap,,,
a4fa8e5c-dd5b-46f1-a65a-475c18e2e7cc,ultimately.onl,available,3.48,28.98,medium,low,10,namecheap,,,28/09/2026 12:39
041c602e-f9ed-443c-a5c0-819385e1da92,bellflower.onl,available,5.49,23.49,high,low,10,namesilo,,,23/09/2026 06:06
aacde024-66e1-4469-b78e-099f22483556,martian.onl,available,3.48,28.98,high,low,7,namecheap,,,24/08/2026 16:37
c7949049-360d-4a22-8851-1903d2f33eb1,dday.onl,available,5.49,23.49,high,low,5,namesilo,,,16/09/2026 12:39
d75a5857-9758-40f1-898a-c24caadad416,ulm.onl,available,18.2,18.2,medium,low,3,cloudflare,,,29/09/2026 09:33
8adf9e52-885c-4403-80ce-5b6b4120fef6,fanged.onl,available,3.48,28.98,medium,low,6,namecheap,,,17/08/2026 22:05
bdb5e871-6294-4bc8-90e0-5a7957bc9894,kidneys.onl,available,5.49,23.49,low,low,7,namesilo,,,29/09/2026 05:38
47f47d80-a38e-43b4-a664-12e8e12707e1,caruso.onl,available,5.49,23.49,medium,low,6,namesilo,,,30/09/2026 01:00
2d25ddda-e8a0-489f-8981-238c257a138c,cenozoic.onl,available,3.48,28.98,medium,low,8,namecheap,,,11/08/2026 23:46
9da409a3-fe88-4473-8caf-74b1f2fbcfd1,freezing.onl,available,3.48,28.98,high,low,8,namecheap,,,25/09/2026 06:10
71a73bd9-85f8-4a8f-899e-165be890e365,sinus.onl,available,5.49,23.49,high,low,5,namesilo,,,30/09/2026 02:53
64a4f0b5-9094-4de4-a9c4-8fdda42ef0e6,suit.onl,available,3.48,28.98,high,low,4,namecheap,,,24/09/2026 18:58
a8be14c7-bc9a-4cc6-ab37-e8a618536c78,cabins.onl,available,5.49,23.49,medium,low,6,namesilo,,,20/09/2026 12:16
2d715508-bc06-4f80-a0ce-76eb19c53864,scientific.onl,available,5.49,23.49,high,low,10,namesilo,,,30/09/2026 16:48
0499e4bd-f187-400e-aaa2-5eab69611cf7,isosceles.onl,available,3.48,28.98,medium,low,9,namecheap,,,22/08/2026 11:16
d892960d-da93-4bcc-a2aa-90402e6675e1,southwestern.onl,available,5.49,23.49,medium,low,12,namesilo,,,01/10/2026 16:25
c7ab1983-7225-4445-a2ec-ab6c735049f3,headset.onl,available,5.49,23.49,high,low,7,namesilo,,,01/10/2026 02:32
1d5ca96c-8cfe-4cb0-8a72-4d5266539ff1,fishing.onl,premium,53.92,116,high,low,7,namesilo,,,27/09/2026 03:59
5d8ea0d9-80c8-4f03-9bfa-125ad508744c,adriana.onl,available,5.49,23.49,high,low,7,namesilo,,,30/09/2026 13:18
f9ab7584-b67d-4a5a-8bd3-87f218fa88f9,acidosis.onl,available,3.48,28.98,medium,low,8,namecheap,,,17/09/2026 01:28
95bec00f-34f9-4a50-abd0-158b177d7dc6,outskirts.onl,available,3.09,10.76,high,low,9,porkbun,,,29/09/2026 19:53
b3fdef04-a04f-42c0-a224-a20ad3323070,alec.onl,available,5.49,23.49,high,low,4,namesilo,,,28/09/2026 16:21
c21beaa0-bb5b-4ea2-9ac9-d50bbc249001,westcott.onl,available,3.79,23.49,medium,low,8,namesilo,,,
ef9da247-319e-483c-b729-6d9c4044217a,entities.onl,available,2.99,19.48,medium,low,8,dynadot,,,01/10/2026 14:36
98e6ea65-ac40-49c9-867a-1108c8e7c855,sympatric.onl,available,3.48,28.98,medium,low,9,namecheap,,,11/09/2026 06:05
8dc0cdf9-9304-4de7-bacc-c73c4fad586f,vestibule.onl,available,5.49,23.49,high,low,9,namesilo,,,19/09/2026 12:47
aca38f36-e2d0-4b5a-aae7-785da8311cb1,ideally.onl,available,3.09,10.76,medium,low,7,porkbun,,,28/09/2026 15:16
ddd30da4-7e0d-461d-88b8-7ff374d7c862,rok.onl,available,18.2,18.2,high,low,3,cloudflare,,,29/09/2026 08:31
4f4b6125-95ca-429c-9bb6-2bb42da5bfd1,durer.onl,available,5.49,23.49,medium,low,5,namesilo,,,18/09/2026 03:18
7e0ce2b1-f253-4cdf-b753-b878aeea86bf,verge.onl,available,3.09,10.76,high,low,5,porkbun,,,28/09/2026 18:30
cafc01e2-142f-4049-af22-1c7a046b958e,gymnastic.onl,premium,62.5,125,high,low,9,name.com,,,
ac53734f-6418-4a4d-99d4-8f42c071cfce,litre.onl,available,3.48,28.98,medium,low,5,namecheap,,,22/08/2026 17:09
c7fc40af-e766-4da3-9fca-fb04f740a9bd,documenting.onl,available,5.49,23.49,medium,low,11,namesilo,,,02/10/2026 03:07
9046b782-e827-4207-ae49-d67feea7d951,cunning.onl,available,5.49,23.49,medium,low,7,namesilo,,,24/09/2026 01:26
2bc55755-77e5-489c-909f-3f13f60712f6,dalian.onl,available,3.09,10.76,high,low,6,porkbun,,,01/10/2026 19:10
05544f5b-bb72-4a70-a3ee-fde466fda574,sikkim.onl,available,18.2,18.2,medium,low,6,cloudflare,,,30/09/2026 02:52
b2c2ae19-d178-4837-afb0-75cb4a152948,instincts.onl,available,18.2,18.2,low,low,9,cloudflare,,,28/09/2026 17:50
bbcef095-fb7d-4214-ac0f-6d3a2bb46871,eolotropic.onl,available,,,medium,low,10,,,,
c1c11148-6f89-4896-bdea-1516d2cd350d,cancelled.onl,available,3.48,28.98,high,low,9,namecheap,,,11/08/2026 16:25
c4e58e6f-8434-4513-b316-a410f8f58e11,mme.onl,available,18.2,18.2,high,low,3,cloudflare,,,29/09/2026 03:05
e27a0b22-cda3-47e8-9120-a64e93988162,engel.onl,premium,65,130,high,low,5,namecheap,,,28/09/2026 04:50
5752a80e-b543-4e51-9f61-24b9c6d33ca5,ascendent.onl,available,3.48,28.98,medium,low,9,namecheap,,,
b3393efe-ff23-439b-b1ee-8906dd5af862,cumbersome.onl,available,3.48,28.98,medium,low,10,namecheap,,,13/08/2026 10:25
07676c94-18c0-45d1-b14f-07bff9b08d36,mobilization.onl,available,5.49,23.49,high,low,12,namesilo,,,02/10/2026 01:20
b42045ce-7574-4bec-8461-1101a2a55a93,swarthmore.onl,available,5.49,23.49,medium,low,10,namesilo,,,30/09/2026 04:33
c978a79d-15b5-4788-aaf0-3c74719d0a15,interference.onl,available,18.2,18.2,medium,low,12,cloudflare,,,28/09/2026 21:09
6d38cec5-ff6f-42d9-b68b-504aed44a1ec,paltry.onl,available,3.48,28.98,medium,low,6,namecheap,,,24/08/2026 18:25
0d95f50f-ef72-450c-af28-aaa14f8c2fbe,authorization.onl,available,5.49,23.49,medium,low,13,namesilo,,,28/09/2026 08:21
1e222551-9210-44e5-8445-7f3e4fc8f05a,percipient.onl,available,3.48,28.98,high,low,10,namecheap,,,08/09/2026 16:17
d5b8af37-8f37-4a5c-acf5-1eee49790b1d,hammers.onl,available,5.49,23.49,medium,low,7,namesilo,,,01/10/2026 08:09
dae67227-d662-4cef-93c4-6941ce7c4fca,lxii.onl,available,3.48,28.98,medium,low,4,namecheap,,,
fc74f65d-8761-4f67-b9d7-f37329516af4,lovell.onl,available,18.2,18.2,medium,low,6,cloudflare,,,28/09/2026 10:17
ec37325a-c8fa-4190-8cf7-fd15b4dcefc8,monastic.onl,available,3.48,28.98,medium,low,8,namecheap,,,12/08/2026 11:57
337be0b6-2b64-4f65-807b-eb3858ba3305,pathetic.onl,available,3.48,28.98,medium,low,8,namecheap,,,20/08/2026 23:50
26b63323-b2ad-431f-84f7-2352c62c8ca1,stale.onl,available,3.48,28.98,medium,low,5,namecheap,,,10/09/2026 18:24
c82db539-f1dc-4f98-b4f3-e1c1db44a8b4,bawler.onl,available,5.49,23.49,medium,low,6,namesilo,,,22/09/2026 16:58
b7e5be7f-1149-4c1f-b173-0bbf0a731d0e,forsythe.onl,available,2.99,19.48,medium,low,8,dynadot,,,30/09/2026 16:08
ee62beb5-dbea-439a-936c-86dfd2681029,catches.onl,available,18.2,18.2,medium,low,7,cloudflare,,,28/09/2026 04:27
9deebdaa-8c22-40e6-9851-46d80601ea52,satiate.onl,available,3.48,28.98,high,low,7,namecheap,,,09/09/2026 14:28
c9af2c7a-2f56-4e56-be0f-b3c4f584527b,selangor.onl,available,3.48,28.98,medium,low,8,namecheap,,,30/09/2026 20:45
caa2afaa-3d21-4e74-8abe-a34414ea5e2f,envisioned.onl,available,5.49,23.49,high,low,10,namesilo,,,24/09/2026 14:18
d2dcdeb7-ee8d-4f3e-b477-7f60f2103d6e,patrician.onl,available,3.48,28.98,medium,low,9,namecheap,,,06/08/2026 19:34
fedb64d5-0201-495c-8159-598bdd0d9a3f,furrowed.onl,available,3.48,28.98,medium,low,8,namecheap,,,18/08/2026 18:55
dfa7eda8-e86f-49de-a98b-822ba53602fd,hiv.onl,premium,53.92,116,high,low,3,namesilo,,,25/09/2026 07:23
c5d3aac2-481d-4ba6-b81c-a6795cd2406d,immunology.onl,available,5.49,23.49,high,low,10,namesilo,,,30/09/2026 01:58
6adae909-a638-4d30-bf1b-8147d3f494b9,protect.onl,premium,53.92,116,high,low,7,namesilo,,,30/09/2026 21:22
35cbdd0d-fd5e-4227-b610-14c41fac2202,nether.onl,available,3.48,28.98,high,low,6,namecheap,,,12/08/2026 07:29
a8480f51-b577-408c-8afb-da3edfd1fae9,dimly.onl,available,3.48,28.98,medium,low,5,namecheap,,,14/09/2026 12:45
638a73a9-6f21-486a-9399-0f1786aab154,compares.onl,available,3.48,28.98,medium,low,8,namecheap,,,30/09/2026 15:18
0fcfccd1-53d2-464d-b857-1ad309dea215,pratt.onl,available,5.49,23.49,high,low,5,namesilo,,,25/09/2026 12:12
f7aa6bfd-9dcb-4cd3-96de-97ae7f12de24,strips.onl,available,5.49,23.49,medium,low,6,namesilo,,,20/09/2026 02:09
b5d2a1a8-aa6b-4349-b33a-5ec11e78ae46,bungalow.onl,available,5.49,23.49,high,low,8,namesilo,,,24/09/2026 11:15
63463d31-aa07-4e6e-b018-4a0dea9d9c1a,committed.onl,available,5.49,23.49,high,low,9,namesilo,,,23/09/2026 15:46
81fb36c7-d524-4497-9fb3-07e5bff4e823,carrillo.onl,available,18.2,18.2,high,low,8,cloudflare,,,30/09/2026 05:28
cfded7f4-d1f0-4f22-b30e-c9b3569513f8,knowledgeable.onl,available,18.2,18.2,high,low,13,cloudflare,,,29/09/2026 08:34
e4c6e09c-f56e-4b31-9566-0a556e9acc33,fitful.onl,available,3.48,28.98,medium,low,6,namecheap,,,18/08/2026 05:45
5630e746-f919-468a-b3c2-91e603e7b9e9,makomako.onl,available,3.48,28.98,medium,low,8,namecheap,,,20/09/2026 05:57
b70d7e04-17fb-453a-825d-793a94f575a2,corrections.onl,available,5.49,23.49,high,low,11,namesilo,,,17/09/2026 22:27
e0591d46-d1f2-405f-b63b-cffad547331c,pedant.onl,available,3.48,28.98,medium,low,6,namecheap,,,09/09/2026 23:15
ffee5648-5332-481c-8576-ad67cdf21bf7,elfin.onl,available,3.48,28.98,medium,low,5,namecheap,,,16/08/2026 03:37
3eb86bad-bfa2-4c0b-8062-694ccbb96089,readiness.onl,available,5.49,23.49,high,low,9,namesilo,,,29/09/2026 01:53
d62c002b-9de6-4ff7-b6a5-767e92ceebb6,bubonic.onl,available,3.48,28.98,medium,low,7,namecheap,,,11/08/2026 07:26
090e7a4f-15e6-44fc-8af9-e5110ca64165,nutritious.onl,available,5.49,23.49,high,low,10,namesilo,,,19/09/2026 11:02
bc5d04cb-98e1-43ae-8bfb-7225fe76f135,everbody.onl,available,18.2,18.2,medium,low,8,cloudflare,,,02/10/2026 04:42
5b64d70d-546e-44b1-8f0a-757a8f3ac1ed,heartily.onl,available,3.48,28.98,high,low,8,namecheap,,,14/09/2026 08:41
54f077df-edfa-4058-9fa2-ab6ea99be886,lifting.onl,available,3.48,28.98,high,low,7,namecheap,,,28/09/2026 04:32
5a0929b6-b45b-4d95-8693-7f8a450150b8,itinerant.onl,available,3.48,28.98,high,low,9,namecheap,,,22/08/2026 11:41
f60f756b-4de8-4e9c-86e8-2ad040c239d8,sor.onl,available,18.2,18.2,medium,low,3,cloudflare,,,29/09/2026 14:39
d4329f7b-9e2c-4c3a-ac12-048adfc5e081,sprawl.onl,available,3.48,28.98,medium,low,6,namecheap,,,10/09/2026 16:41
8fb36caf-32c6-46b2-97e1-376952115874,craftsman.onl,available,5.49,23.49,high,low,9,namesilo,,,20/09/2026 11:49
c2915765-1df9-4245-ac70-ef1654dabbec,xxviii.onl,available,3.48,28.98,medium,low,6,namecheap,,,
419bac3a-a49b-4bfd-bedc-b7f3f0b4ec72,peirce.onl,available,3.48,28.98,medium,low,6,namecheap,,,23/09/2026 08:23
5e05459f-df23-4025-b900-e28110967386,aesculus.onl,available,5.49,23.49,medium,low,8,namesilo,,,17/09/2026 13:22
f2b1a892-4df9-40de-9f00-bc7ae04abfcc,rodriguez.onl,premium,,,medium,low,9,,,,28/09/2026 22:21
47e5bc2f-14de-466a-8338-32d4a993757d,variable.onl,available,18.2,18.2,high,low,8,cloudflare,,,28/09/2026 10:08
a935acc0-2599-40cf-aeab-b0fe6beb371e,borrowed.onl,available,5.49,23.49,medium,low,8,namesilo,,,27/09/2026 09:49
da7d0275-acad-4ae4-a0fc-80181016263b,oblong.onl,available,3.48,28.98,medium,low,6,namecheap,,,03/09/2026 23:48
efe8a38e-03b4-46b6-b662-202944d0cbf7,precautions.onl,available,3.48,28.98,medium,low,11,namecheap,,,18/09/2026 09:01
cd8ed0a6-67ad-47c3-9d79-29252ba1d854,ativan.onl,available,3.48,28.98,medium,low,6,namecheap,,,20/09/2026 21:30
c86afa45-3b7d-4d06-ac25-1e9f11132a64,diluvian.onl,available,3.48,28.98,medium,low,8,namecheap,,,14/08/2026 07:51
66f62631-ad43-4226-9214-9f4238e12f4f,quadratic.onl,available,3.48,28.98,high,low,9,namecheap,,,09/09/2026 07:19
224c6cef-1c96-4733-a1c8-3e8eab79a71d,bonham.onl,available,5.49,23.49,medium,low,6,namesilo,,,30/09/2026 12:37
b04ec749-b347-4dd0-9263-1df847b70e0f,illusional.onl,available,3.48,28.98,medium,low,10,namecheap,,,21/08/2026 20:11
154d4933-3e68-4c0a-b022-2ea82a6c545f,mississauga.onl,available,18.2,18.2,high,low,11,cloudflare,,,30/09/2026 21:22
33416c55-38d1-429b-9dc6-842c5f5cb4e5,poinciana.onl,available,3.48,28.98,high,low,9,namecheap,,,23/09/2026 20:09
aa197926-254f-4dff-942d-f30bf1fdeee9,unavailable.onl,available,5.49,23.49,medium,low,11,namesilo,,,29/09/2026 03:22
7409ec38-c199-4276-b758-235de2fbff24,wheaten.onl,available,3.48,28.98,medium,low,7,namecheap,,,13/09/2026 11:15
6d7c7af2-92cd-4e67-8129-9b37fc2008c5,weirdly.onl,available,3.48,28.98,medium,low,7,namecheap,,,16/09/2026 11:23
715546c7-9a38-4e9b-ba2b-8e93ef095249,prosthetic.onl,available,3.48,28.98,high,low,10,namecheap,,,09/09/2026 03:55
c1019cef-ba35-4d16-a35a-55a589dc537c,herodotus.onl,available,5.49,23.49,medium,low,9,namesilo,,,28/09/2026 10:02
cc381371-f4d2-45f7-bda5-6a06286d6733,slovene.onl,available,3.48,28.98,medium,low,7,namecheap,,,28/09/2026 20:30
02f235e5-9552-4c75-9344-8061ef20f653,techy.onl,available,3.48,28.98,high,low,5,namecheap,,,22/08/2026 10:32
6e50769b-98fe-43d4-9390-93799138356d,description.onl,available,3.79,23.49,high,low,11,namesilo,,,
e8e3368e-13be-4c18-9d98-61dbfbd9eb8e,learned.onl,available,3.09,10.76,high,low,7,porkbun,,,30/09/2026 19:33
5923e458-2d34-4b18-9026-83d657cc7ed3,edgewise.onl,available,3.48,28.98,medium,low,8,namecheap,,,14/09/2026 15:02
0e2ed7a4-a3a2-48fe-8a33-9cdf10e021dc,blemished.onl,available,3.48,28.98,medium,low,9,namecheap,,,10/08/2026 14:12
ecc2b955-13e6-4a01-a2fc-4b7e01759130,acceptive.onl,available,3.48,28.98,medium,low,9,namecheap,,,
717aec88-c97a-45d8-bf56-b118b7bbcef6,aggressor.onl,available,5.49,23.49,medium,low,9,namesilo,,,17/09/2026 17:41
bc7d9ce6-0c35-4ec3-8fe4-f3e4d15f97dc,pubescent.onl,available,3.48,28.98,medium,low,9,namecheap,,,09/09/2026 05:15
660880e2-f4de-4e7d-bf63-21d6d40546b4,disconnect.onl,available,3.48,28.98,high,low,10,namecheap,,,29/09/2026 15:30
e9339465-26ed-4072-a44e-53ccc9315a21,tenths.onl,available,5.49,23.49,medium,low,6,namesilo,,,20/09/2026 23:51
a2833f25-b035-4a05-b133-0646179fe65a,cheyenne.onl,available,5.49,23.49,high,low,8,namesilo,,,24/09/2026 12:34
a0a2cd51-b310-4e7d-ac96-17f5759a7dea,irenic.onl,available,3.48,28.98,medium,low,6,namecheap,,,22/08/2026 09:48
f67da688-2ed8-4152-bd28-cfb733e1b2de,beatrix.onl,available,2.99,19.48,medium,low,7,dynadot,,,30/09/2026 21:15
64027ca5-e0e6-4a02-9e77-84c95725c483,technicals.onl,available,4.99,,medium,low,10,name.com,,,18/09/2026 20:39
7e7c690e-abaa-4f8e-a915-8b1cec753c27,virtually.onl,available,5.49,23.49,high,low,9,namesilo,,,28/09/2026 11:56
f87094a7-e6f6-49e0-826f-04b8c76a78b3,shoreham.onl,available,3.48,28.98,medium,low,8,namecheap,,,02/10/2026 01:12
20ec02fc-4618-464c-a710-dae8605d1054,transcend.onl,available,3.48,28.98,high,low,9,namecheap,,,11/09/2026 17:23
a4e2006b-c065-48fa-8b4e-7573062261e0,kneel.onl,available,5.49,23.49,high,low,5,namesilo,,,30/09/2026 10:21
120b1108-e93b-4c91-86ea-b7b529a9e284,isotopic.onl,available,3.48,28.98,medium,low,8,namecheap,,,22/08/2026 11:26
4ba69d31-142f-4d4f-b40e-f76001016230,odessa.onl,available,5.49,23.49,high,low,6,namesilo,,,01/10/2026 03:08
7ce300df-f850-48a7-815c-ab700ca1087e,nuprin.onl,available,3.48,28.98,medium,low,6,namecheap,,,17/09/2026 11:20
a46e8286-9e14-4a90-b4e7-63a3841d35ef,steven.onl,premium,53.92,116,high,low,6,namesilo,,,25/09/2026 12:12
f3b792ee-65aa-4204-af69-f8f37e337771,specialty.onl,available,3.48,28.98,high,low,9,namecheap,,,18/08/2026 12:30
7f41de55-ceb2-4925-a4bb-c0a5ee3ddfb2,hodge.onl,available,5.49,23.49,medium,low,5,namesilo,,,29/09/2026 15:06
d8fa36dc-10e9-424a-bbc0-4654d678d435,consort.onl,available,5.49,23.49,medium,low,7,namesilo,,,16/09/2026 22:56
a05aa2e8-9a6a-424e-a33a-93fb1423a0aa,smashing.onl,available,3.48,28.98,high,low,8,namecheap,,,08/08/2026 12:53
56227aad-24da-426c-9999-ccebe8918ebe,boric.onl,available,3.48,28.98,medium,low,5,namecheap,,,10/08/2026 19:48
9d5ec675-e01f-4f3c-aad0-7b5a651f1363,aragonite.onl,available,5.49,23.49,medium,low,9,namesilo,,,19/09/2026 23:43
9d0b1c4f-c4e0-459b-b135-a76d6eda8a40,rehabs.onl,available,5.49,23.49,low,low,6,namesilo,,,20/09/2026 09:43
131b2467-f97b-4080-b623-41eeb03cc632,snowdrop.onl,available,5.49,23.49,high,low,8,namesilo,,,19/09/2026 05:27
45a2a425-f42b-4c70-9935-c0f3df373a38,boisterous.onl,available,3.48,28.98,medium,low,10,namecheap,,,10/08/2026 17:38
2c482c0c-d54f-4567-8d7a-a2b3845654bf,luo.onl,available,5.49,23.49,high,low,3,namesilo,,,29/09/2026 07:30
37cba2a3-1adb-4948-abff-9315904859a0,seditious.onl,available,3.48,28.98,medium,low,9,namecheap,,,22/08/2026 01:29
bc683c60-bf86-4730-99dc-aed6203926df,unsettling.onl,available,2.99,19.48,medium,low,10,dynadot,,,01/10/2026 22:49
9338840d-08a2-497d-b304-bafe902c8c7d,offenders.onl,available,2.99,19.48,low,low,9,dynadot,,,29/09/2026 05:55
94a768c6-a260-4c07-a2f3-eb58cef20e50,uncoated.onl,available,3.48,28.98,medium,low,8,namecheap,,,12/09/2026 05:35
60d9997c-6ab0-49f7-87b4-6a890bb031c5,haworth.onl,available,3.48,28.98,medium,low,7,namecheap,,,29/09/2026 19:08
476c5fa6-cf6d-417f-ae39-6d3e444a956a,diacritic.onl,available,3.48,28.98,medium,low,9,namecheap,,,14/08/2026 05:43
69ff939e-9d1c-48d0-b1b4-530628261c57,sunhat.onl,available,18.2,18.2,high,low,6,cloudflare,,,30/09/2026 12:15
4f02ed27-e3ee-4898-9d44-cbf4a366fb57,antiracist.onl,available,5.49,23.49,high,low,11,namesilo,,,01/10/2026 13:07
f1277032-bc52-4700-9ff7-179e73214d1f,unhindered.onl,available,3.48,28.98,medium,low,10,namecheap,,,12/09/2026 11:55
c40a141a-996c-4904-917d-c464bfe9579d,bulimic.onl,available,3.48,28.98,medium,low,7,namecheap,,,11/08/2026 08:26
2a709c5b-0d39-4595-99f5-67ad4e28bb65,imperfect.onl,available,3.48,28.98,high,low,9,namecheap,,,21/08/2026 22:10
ed74eef0-4d5a-4bba-8303-d0e85a4c3067,sham.onl,available,3.48,28.98,medium,low,4,namecheap,,,07/08/2026 08:06
bf88a160-9611-4f75-821f-d706409374ab,respecting.onl,available,18.2,18.2,medium,low,10,cloudflare,,,01/10/2026 21:57
9d21f10a-ebb6-4fcb-a5f0-fdac378c8a4b,documents.onl,available,3.79,23.49,high,low,9,namesilo,,,
9a89041a-9f49-411c-84ea-1d7b22e5216e,courtroom.onl,available,5.49,23.49,high,low,9,namesilo,,,29/09/2026 11:50
413a6d55-5a63-455e-9d64-49c5fd91a070,metals.onl,available,3.48,28.98,high,low,6,namecheap,,,30/09/2026 06:19
e3ee9367-00a9-4729-8b79-5bddb9431ede,abronia.onl,available,5.49,23.49,medium,low,7,namesilo,,,16/09/2026 17:19
08ba2a3f-782b-47b4-9432-15fea1279422,woodenly.onl,available,3.48,28.98,low,low,8,namecheap,,,14/09/2026 21:56
ac4ded94-994b-4574-8795-aedf1f19f74e,crochet.onl,available,5.49,23.49,high,low,7,namesilo,,,24/09/2026 19:40
974e8746-e77e-47b6-9205-1e4933e41bf8,uncomplicated.onl,available,18.2,18.2,high,low,13,cloudflare,,,01/10/2026 22:10
61c1c4d0-a72d-43eb-b843-ff5540b15f5f,financial.onl,premium,53.92,116,high,low,9,namesilo,,,01/10/2026 03:02
e1d015c0-44fc-4c34-a853-ef4e1b09362d,degradation.onl,available,5.49,23.49,medium,low,11,namesilo,,,01/10/2026 12:58
cb70ee6e-8a8c-4eef-bb7c-e35d984ccbf3,occasionally.onl,available,3.48,28.98,medium,low,12,namecheap,,,27/09/2026 17:20
ff261b8b-e422-4ad3-96b2-2ad06c456667,polly.onl,available,5.49,23.49,high,low,5,namesilo,,,28/09/2026 07:34
abe706dc-1508-495d-bf5d-22336f3be03a,dastardly.onl,available,4.99,35.99,medium,low,9,name.com,,,13/08/2026 18:31
19cd9f00-a993-453e-8ac3-5f556a623278,overeat.onl,available,5.49,23.49,medium,low,7,namesilo,,,23/09/2026 17:26
744d5c69-6743-4500-a886-4d0221b11102,set.onl,premium,65,130,high,low,3,namecheap,,,29/09/2026 19:37
0f37a9d6-c909-4ad6-b039-e0021a425164,manufacture.onl,available,18.2,18.2,high,low,11,cloudflare,,,28/09/2026 21:00
f12992d8-ae3e-43dd-a058-114f0ba0f490,astronaut.onl,available,3.48,28.98,high,low,9,namecheap,,,20/09/2026 17:56
14df439d-0400-458b-aadb-1cc37400dd9f,bilingual.onl,available,3.48,28.98,high,low,9,namecheap,,,09/08/2026 21:21
732c677b-1a59-4b82-9576-06fb436f5a8c,blackening.onl,available,4.99,35.99,medium,low,10,name.com,,,13/08/2026 18:12
3b6c6ead-d7ac-4c56-b883-e95ca0efbdce,airstream.onl,available,5.49,23.49,high,low,9,namesilo,,,17/09/2026 23:23
796e73a4-4704-4a8d-89a8-0f56620ef7a1,xxxiv.onl,available,3.48,28.98,medium,low,5,namecheap,,,
3c2fc770-c5a8-4e3f-a680-0bf9913e843e,inertial.onl,available,3.48,28.98,medium,low,8,namecheap,,,22/08/2026 03:59
c9ad6417-9434-4bcf-b91b-fb77cbd81daf,observed.onl,available,5.49,23.49,high,low,8,namesilo,,,22/09/2026 09:25
c6d5cdfd-4887-4cb1-b9f1-56c52ae5914b,vagal.onl,available,3.48,28.98,medium,low,5,namecheap,,,08/09/2026 22:07
db6b5b47-5b37-4341-aace-89dd175f5755,aphelion.onl,available,3.48,28.98,medium,low,8,namecheap,,,19/09/2026 16:55
e76ed9ca-be6e-4777-a8ca-aff72115ec60,holidays.onl,available,5.49,23.49,high,low,8,namesilo,,,20/09/2026 04:47
073722e1-0de4-4163-a9cf-af0ca09cb590,understand.onl,available,3.09,10.76,high,low,10,porkbun,,,30/09/2026 18:59
b71acd9d-3a1e-45aa-82d5-76a994ba96fc,binomial.onl,available,3.48,28.98,high,low,8,namecheap,,,10/08/2026 00:30
9073b2e1-be95-4142-8b0c-8f2a95aeac41,hailed.onl,available,3.48,28.98,medium,low,6,namecheap,,,30/09/2026 15:28
940ab585-c7fe-4468-b1ad-9f24287fca2c,automatically.onl,available,5.49,23.49,medium,low,13,namesilo,,,28/09/2026 07:07
36794991-defc-469d-bc26-fc66357480e0,buzzed.onl,available,5.49,23.49,high,low,6,namesilo,,,01/10/2026 23:21
d46d0669-d861-45d2-9d2f-125e8d5d20e5,reaper.onl,available,2.99,19.48,high,low,6,dynadot,,,30/09/2026 17:30
56824dc1-ecf9-47db-bb61-3016fee86644,indifferent.onl,available,2.99,19.48,high,low,11,dynadot,,,01/10/2026 02:00
705b3b69-460e-4949-9daf-de51bcc563f4,propose.onl,available,5.49,23.49,high,low,7,namesilo,,,30/09/2026 08:54
cbf329ef-ea17-42d0-9b7c-f074ff6a3703,handicap.onl,available,3.48,28.98,high,low,8,namecheap,,,24/09/2026 07:39